"","CameraID","fisher","bobcat","bobcat_rate","lat","lon","AR_mean","perc_decid","perc_conif","perc_mixed","perc_imper","length_km","km_sqkm","percCanop","meanFH","detection_history.o1","detection_history.o2","detection_history.o3","detection_history.o4","detection_history.o5","detection_history.o6","detection_history.o7","detection_history.o8","detection_history.o9","detection_history.o10","detection_history.o11","detection_history.o12","detection_history.o13","detection_history.o14","detection_history.o15","detection_history.o16","detection_history.o17","detection_history.o18","detection_history.o19"
"1","BD000",1,3,0.105263157894737,43.09750198,-70.99875905,2.13557361735881,12.1,17.3,26.4,0.1,55.521,1.964,60.7478640776699,14.0800455312316,0,0,0,0,0,0,0,0,0,0,0,0,0,0,0,0,0,1,0
"2","BD002",0,1,0.0526315789473684,43.10056428,-70.99956688,2.14009011005121,12.1,17.5,27.4,0.111,64.374,2.277,61.6108414239482,14.3683921712091,0,0,0,0,0,0,0,0,0,0,0,0,0,0,0,0,0,0,0
"3","BD011",0,0,0,43.09685703,-70.99131259,2.11590863272917,13.2,16.7,25.7,0.09,53.241,1.883,60.268785191897,14.0030891797415,0,0,0,NA,NA,NA,NA,NA,NA,NA,NA,NA,NA,NA,NA,0,0,0,0
"4","BD045",0,0,0,43.09904548,-70.99415468,2.12224187530679,12.6,16.7,26.6,0.1,61.787,2.185,60.582052360765,14.1155355001321,0,0,0,0,0,0,0,0,0,0,0,0,0,0,0,0,0,0,0
"5","CA051",0,0,0,43.14301564,-70.93561705,1.76842751700985,11,14.9,16.8,0.352,120.969,4.278,54.7519337195378,12.5538877153071,0,0,0,0,0,0,0,0,0,0,0,NA,NA,NA,NA,NA,NA,NA,NA
"6","CA055",0,0,0,43.13757816,-70.93634594,1.78003590345892,11.7,15,16.3,0.354,121.578,4.3,55.9534364483562,12.7570943955798,0,0,0,0,0,0,0,0,0,0,0,0,0,0,0,0,0,0,0
"7","CA062",0,0,0,43.13630349,-70.92717882,1.77829371481538,12.4,14.4,15.9,0.368,120.012,4.245,56.5023943570828,12.9264081574618,0,0,0,0,0,0,0,0,0,0,0,0,0,0,0,0,0,0,0
"8","CA102",0,0,0,43.13188721,-70.93892522,1.80237395553849,11.8,14,16.3,0.356,124.561,4.405,56.0490583133778,12.745333035406,0,0,0,0,0,0,0,0,0,0,NA,NA,NA,NA,NA,NA,NA,NA,NA
"9","CW015",1,0,0,43.13133643,-70.94409786,1.82061214570645,11.6,13.9,17.1,0.341,121.244,4.288,56.3235693940963,12.7956248857474,0,1,0,0,0,0,0,0,0,0,0,0,0,0,0,0,0,0,0
"10","CW023",0,0,0,43.13231441,-70.94972447,1.84314816013585,11.9,13.9,18.8,0.316,114.491,4.049,56.5432010873083,12.881477118076,0,0,0,0,0,0,0,0,0,0,0,0,0,0,0,0,0,0,0
"11","CW036",0,0,0,43.12968995,-70.93932822,1.8112285921374,11.9,13.5,16.1,0.348,122.155,4.32,55.7187328091124,12.6745277269957,NA,NA,0,0,0,0,0,0,0,0,0,0,0,0,0,0,0,0,0
"12","CW039",0,1,0.0526315789473684,43.1386505,-70.9500879,1.82918417553306,11.8,14.1,19.1,0.32,116.415,4.117,56.1330506828921,12.7390571364735,0,0,0,0,0,0,0,0,0,0,0,0,0,0,0,0,0,0,0
"13","CW042",0,0,0,43.1356087,-70.9467537,1.8188262531118,11.6,14.3,18.6,0.33,116.042,4.104,56.2502022457367,12.7552450392997,0,0,0,0,0,0,0,0,0,0,0,0,0,0,0,0,0,0,0
"14","CW048",0,0,0,43.1349196,-70.9405402,1.79704539297576,11.7,14.8,17.1,0.352,121.107,4.283,56.6169827195651,12.8630971725707,0,0,0,0,0,0,0,0,0,0,0,0,0,0,0,0,0,0,0
"15","DL020",0,0,0,43.10879336,-70.99861312,2.15761664073748,12.3,16.9,29.1,0.123,66.546,2.354,63.131613863629,14.6884856120956,0,0,0,0,0,0,0,0,0,0,0,0,0,0,0,0,0,0,0
"16","DP038",0,0,0,43.10295936,-70.97487135,2.04551497028672,15.8,16.7,26.5,0.09,55.613,1.967,62.9157550650528,14.4702247876103,0,0,0,0,0,0,0,0,0,0,0,0,0,0,0,0,0,0,0
"17","EF003",0,0,0,43.1185507,-70.9322307,1.85226167715145,15.8,14.2,20.6,0.259,100.232,3.545,61.5427036473672,13.8814337675005,0,0,0,0,0,0,0,0,0,0,0,0,0,0,0,0,0,0,0
"18","EF017",0,0,0,43.11940758,-70.93534984,1.85065330263751,14.6,13.9,20.4,0.267,98.356,3.479,60.13144354917,13.6060957025297,0,0,0,0,0,0,0,0,0,0,0,0,0,0,0,0,0,0,0
"19","FBM0002",1,0,0,42.7623679,-71.4891155,1.38642142427564,2.3,3.9,0.8,0.873,309.884,10.96,28.8475876128531,7.6094988964277,0,0,0,0,0,0,0,0,0,0,0,0,0,0,0,1,0,0,0
"20","FBM0004",0,1,0.0526315789473684,42.8593204,-71.136116,2.58782745218507,26.1,6.8,20.6,0.31,100.73,3.563,64.4966831699188,15.5926628716003,0,0,0,0,0,0,0,0,0,0,0,0,0,0,0,0,0,0,0
"21","FBM0007",0,0,0,42.8606368,-71.5058631,2.04215423995633,8,15.8,9.8,0.456,164.3,5.811,48.9316939006633,12.5476987106251,0,0,0,0,0,0,0,0,0,0,0,0,0,0,0,0,0,0,0
"22","FBM0008",0,0,0,42.7879127,-71.5485786,1.95011478237735,14.1,18.6,10.9,0.35,91.444,3.234,54.8391909385113,13.5547521294197,0,0,0,0,0,0,0,0,0,0,0,0,0,0,0,0,0,0,0
"23","FBM0010",0,1,0.0526315789473684,43.10004,-71.3486,1.70720828981711,16.5,16.7,46.5,0.034,30.115,1.065,75.2223408730544,16.5933550091445,0,0,0,0,0,0,0,0,0,0,0,0,0,0,0,0,0,0,0
"24","FBM0011",2,0,0,43.04331,-71.229,2.22025167175941,10.8,15.7,36.5,0.156,71.282,2.521,63.8881985567744,14.1705079436115,0,1,1,0,0,0,0,0,0,0,0,0,0,0,0,0,0,0,0
"25","FBM0014",1,0,0,43.06503,-71.3984,1.79265807450448,22.3,11.4,31.8,0.135,52.443,1.855,67.5783631597683,15.1901478634043,1,0,0,0,0,0,0,0,0,0,0,0,0,0,0,0,0,0,0
"26","FBM0015",0,2,0.105263157894737,43.0979913,-71.1941927,1.58193778191904,14.5,27.6,39.6,0.035,28.998,1.026,76.5820441452521,16.5136602024637,0,0,0,0,0,0,0,0,0,0,0,0,0,0,0,0,0,0,0
"27","FBM0016",0,2,0.105263157894737,43.0940943,-70.8428065,1.55029978139115,9,10.4,8.6,0.247,76.265,2.697,32.0577346278317,6.98111788617886,0,0,0,0,0,0,0,0,0,0,0,0,0,0,0,0,0,0,0
"28","FBM0017",0,0,0,42.98387,-71.394,1.51308337318413,8.7,10.7,7.7,0.414,144.162,5.099,38.4634027957546,9.28424824890047,0,0,0,0,0,0,0,0,0,0,0,0,0,0,0,0,0,0,0
"29","FBM0018",2,5,0.157894736842105,42.8929869,-71.4743349,1.90517828822136,8.3,16.3,8.4,0.479,166.015,5.872,45.2195145631068,12.1565980012237,0,0,0,0,0,0,0,0,0,0,0,0,0,1,1,0,0,0,0
"30","FBM0022",0,1,0.0526315789473684,43.1239983,-70.9430329,1.8456288182349,13.1,14.1,18.4,0.295,114.425,4.047,57.8175435190578,13.2144540615222,0,0,0,0,0,0,0,0,0,0,0,0,0,0,0,0,0,0,0
"31","FBM0024",0,0,0,43.0849523,-70.8360915,1.48074333767148,7.7,8,7.6,0.331,77.03,2.724,29.4962778353185,6.53048321847493,NA,NA,NA,NA,NA,NA,NA,NA,0,0,0,0,0,0,0,0,0,0,0
"32","FBM0025",0,3,0.157894736842105,43.1634137,-71.2938363,1.73138744155851,20.4,12.9,49.8,0.038,27.094,0.958,72.5453957160422,16.8366021033825,0,0,0,0,0,0,0,0,0,0,0,0,0,0,0,0,0,0,0
"33","FBM0027",0,0,0,43.2003215,-71.3089904,1.76398950037833,24.6,9.3,44.8,0.061,39.586,1.4,70.011359223301,16.0898908323526,0,0,0,0,0,0,0,0,0,0,0,0,0,0,0,0,0,0,0
"34","FBM0029",1,0,0,43.0451717,-70.7645146,1.8679281035001,4.7,8.1,8.9,0.393,112.882,3.992,51.1930954152781,10.1813540013833,0,0,0,1,0,0,0,0,0,0,0,0,0,0,0,0,0,0,0
"35","FBM0031",2,0,0,43.13435,-71.4024,1.57668956816216,16.7,16.9,39.6,0.075,39.98,1.414,69.5593812698207,14.4100491490312,0,1,1,0,0,0,0,0,0,0,0,0,0,0,0,0,0,0,0
"36","FBM0034",0,1,0.0526315789473684,43.1188314,-71.1679479,1.58309106360469,17.8,21.6,39.5,0.021,24.747,0.875,75.6583392660669,16.4812052990897,0,0,0,0,0,0,0,0,0,0,0,0,0,0,0,0,0,0,0
"37","FBM0039",0,1,0.0526315789473684,43.05801,-70.8729,1.76305013780084,6.8,4.3,9.9,0.125,44.663,1.58,25.7314587108465,6.11585477473813,0,0,0,0,0,0,0,0,0,0,0,0,0,0,0,0,0,0,0
"38","FBM0041",0,2,0.105263157894737,42.9286276,-71.4717987,1.894461395725,7,13.8,7.6,0.597,162.062,5.732,41.3268179023333,10.8079062659195,0,0,0,0,0,0,0,0,0,0,0,0,0,0,0,0,0,0,0
"39","FBM0042",1,2,0.105263157894737,42.9336074,-71.2091562,2.53536712467028,11.3,15,34.8,0.173,85.099,3.01,61.7636987409781,15.160641506358,1,0,0,0,0,0,0,0,0,0,0,0,0,0,0,0,0,0,0
"40","FBM0045",3,1,0.0526315789473684,43.1772288,-71.2162261,1.85945147143195,14.4,25.1,44.7,0.044,39.504,1.397,76.0252459865355,16.2544254973609,0,0,0,0,0,0,1,0,0,0,0,1,0,0,1,0,0,0,0
"41","FBM0049",2,1,0.0526315789473684,43.0793579,-71.28925424,2.1003220168551,13.1,13.9,50.2,0.074,40.418,1.43,69.0459193579704,16.0552076131604,0,0,0,0,0,0,0,0,1,0,0,0,0,0,0,0,0,1,0
"42","FBM0052",7,0,0,42.824021,-71.5289557,2.02182993790253,19.7,15.4,13.4,0.402,130.984,4.633,59.18180053071,15.1837780454443,0,0,0,1,0,0,0,0,1,1,1,0,0,0,0,0,0,1,0
"43","FBM0054",0,2,0.133333333333333,43.1342058,-71.2839248,1.97472035535762,16.6,12.3,51.1,0.064,41.592,1.471,69.3683989127621,15.9945963515216,NA,NA,NA,NA,0,0,0,0,0,0,0,0,0,0,0,0,0,0,0
"44","FBM0055",1,1,0.0526315789473684,42.8634378,-71.2492706,2.56228711514574,31.7,6.8,22.3,0.191,78.597,2.78,64.2904572371614,15.9053408951814,0,0,0,0,0,0,0,0,0,0,0,0,0,0,1,0,0,0,0
"45","FBM0059",1,0,0,42.98758,-70.8105,2.0512009496774,6.4,17.7,12.9,0.273,71.98,2.546,62.2987832502751,13.4963756312103,0,0,1,0,0,0,0,0,0,0,0,0,0,0,0,0,0,0,0
"46","FBM0063",0,0,0,43.1804967,-71.1594192,2.13387184190511,20.6,10.5,41.5,0.086,49.908,1.765,68.9537291700372,15.0948582100156,0,0,0,0,0,0,0,0,0,0,0,0,0,0,0,0,0,0,0
"47","FBM0071",0,0,0,43.0141863,-71.4571351,1.42681975091649,8.9,3.5,1.7,0.786,297.133,10.509,36.9153480244636,8.39934456928839,0,0,0,0,0,0,0,0,0,0,0,0,0,0,0,0,0,0,0
"48","FBM0072",0,1,0.0526315789473684,43.0531709,-70.7909818,1.59404569022753,4.4,4.2,5.5,0.564,154.807,5.475,40.3790894087953,7.8839058718246,0,0,0,0,0,0,0,0,0,0,0,0,0,0,0,0,0,0,0
"49","FBM0073",0,2,0.105263157894737,42.8259726,-71.1140757,2.21570143928621,22.4,4.1,11.2,0.457,94.487,3.342,56.7348457878896,14.4287347405381,0,0,0,0,0,0,0,0,0,0,0,0,0,0,0,0,0,0,0
"50","FBM0074",0,0,0,42.7650016,-71.4080138,1.87882260661646,19.2,7.3,11,0.48,139.02,4.917,54.376302336116,13.5150895976788,0,0,0,0,0,0,0,0,0,0,0,0,0,0,0,0,0,0,0
"51","FBM0075",2,0,0,43.210869,-71.1980886,1.9961986595871,12.2,17.6,43.6,0.085,50.745,1.795,68.7848035725843,15.1661289995333,0,0,1,0,0,0,0,0,0,0,0,0,1,0,0,0,0,0,0
"52","FBM0077",0,0,0,42.8851814,-71.234848,2.68321896053797,25.3,9.1,23.5,0.184,84.777,2.998,64.1189243414666,15.9261940694212,0,0,0,0,0,0,0,0,0,0,NA,NA,NA,NA,NA,0,0,0,0
"53","FBM0078",0,1,0.0526315789473684,42.96773,-71.3939,1.54855887063757,11.9,10.3,9.7,0.405,123.498,4.368,44.3789844988835,10.9007658465048,0,0,0,0,0,0,0,0,0,0,0,0,0,0,0,0,0,0,0
"54","FBM0079",0,0,0,43.13772,-70.9535,1.85279094978077,12.2,13.9,20.2,0.307,116.362,4.116,56.5694269164806,12.8486184477855,0,0,0,0,0,0,0,0,0,0,0,0,0,0,0,0,0,0,0
"55","FBM0082",0,0,0,42.870277,-71.548163,2.47481349724935,8,27.3,20.1,0.264,110.216,3.898,62.0033007572326,16.0967886726241,0,0,0,0,0,0,0,0,0,0,0,0,0,0,0,0,0,0,0
"56","FBM0085",0,1,0.0526315789473684,42.7718179,-71.2124871,1.61762877566689,6.2,2.7,3.4,0.677,172.824,6.112,43.4177616674218,10.6824180763259,0,0,0,0,0,0,0,0,0,0,0,0,0,0,0,0,0,0,0
"57","FBM0086",1,0,0,42.87481,-71.4084,2.29585452027921,17.1,15.1,17.9,0.281,85.468,3.023,60.2314961649244,15.3090134007792,1,0,0,0,0,0,0,0,0,0,0,0,0,0,0,0,0,0,0
"58","FBM0090",1,1,0.0526315789473684,42.90133694,-71.28126986,2.370911945854,22.1,7.1,18.8,0.325,106.192,3.756,56.2052227939035,14.2768907648702,0,0,0,0,0,0,0,0,0,0,0,0,0,0,0,0,0,1,0
"59","FBM0091",0,1,0.0526315789473684,42.8140099,-71.2365873,1.88737620355874,19.6,3.3,11.7,0.44,139.734,4.942,53.0017474031647,13.2948550428746,0,0,0,0,0,0,0,0,0,0,0,0,0,0,0,0,0,0,0
"60","FBM0093",0,1,0.0526315789473684,42.98943,-70.9786,2.00479923712553,14.1,9,16,0.318,109.016,3.856,57.8638408024592,13.3816552987886,0,0,0,0,0,0,0,0,0,0,0,0,0,0,0,0,0,0,0
"61","FBM0096",1,0,0,42.7304,-71.4038,1.9357291903369,25,9,12.8,0.373,96.448,3.411,57.4807791871602,14.4104236525722,0,0,0,0,1,0,0,0,0,0,0,0,0,0,0,0,0,0,0
"62","FBM0100",0,0,0,43.1878892,-70.872955,1.68812129556714,7.2,7.4,8.4,0.583,174.172,6.16,39.2605430947988,9.25740665584416,0,0,0,0,0,0,0,0,0,0,0,0,0,0,0,0,0,0,0
"63","FBM0102",1,0,0,42.87731126,-71.1446416,2.6612899727481,21,7.2,22.3,0.308,106.221,3.757,64.3612153766503,15.747960681948,0,0,0,0,0,0,0,0,0,0,0,0,0,NA,NA,NA,NA,NA,NA
"64","FBM0103",3,0,0,42.7506858,-71.5029224,1.51592592645119,4.2,5.7,2.9,0.752,267.549,9.463,33.8182082982717,9.24467106742147,0,0,0,0,0,0,0,0,0,0,0,0,0,0,1,1,0,0,1
"65","FBM0126",0,3,0.105263157894737,42.77186728,-71.95549149,1.84974406436148,5.2,22.8,38.7,0.063,46.687,1.651,70.3575173127953,16.2363781232762,0,0,0,0,0,0,0,0,0,0,0,0,0,0,0,0,0,0,0
"66","FBM0139",0,2,0.105263157894737,42.77833367,-72.08635685,1.8101269934637,7.2,15.5,39.9,0.078,52.037,1.84,64.816901864319,14.9587930048214,0,0,0,0,0,0,0,0,0,0,0,0,0,0,0,0,0,0,0
"67","FBM0141",0,6,0.210526315789474,42.78025005,-72.11671277,1.81265076090989,9.8,16.1,38.1,0.077,55.802,1.974,66.8273462783172,15.5828515393573,0,0,0,0,0,0,0,0,0,0,0,0,0,0,0,0,0,0,0
"68","FBM0145",0,1,0.0526315789473684,42.77805592,-72.15215881,1.94521359566604,12.7,18,33.2,0.095,70.16,2.481,66.8185495615029,15.2554595411738,0,0,0,0,0,0,0,0,0,0,0,0,0,0,0,0,0,0,0
"69","FBM0149",0,3,0.157894736842105,42.77765646,-72.18633107,1.79649897930306,19.3,15.5,44.8,0.067,44.185,1.563,75.1821359223301,17.8659176795016,0,0,0,0,0,0,0,0,0,0,0,0,0,0,0,0,0,0,0
"70","FBM0160",0,2,0.0526315789473684,42.78994653,-71.95635217,1.70693756854484,4,29.7,33.3,0.057,42.447,1.501,71.5640876290328,16.3758655201291,0,0,0,0,0,0,0,0,0,0,0,0,0,0,0,0,0,0,0
"71","FBM0178",0,0,0,42.79250767,-72.08815168,1.74907293645643,9,11.5,44.8,0.076,52.132,1.844,67.6685973143504,15.8305455139595,0,0,0,0,0,0,0,0,0,0,0,0,0,0,0,0,0,0,0
"72","FBM0190",0,0,0,42.78725701,-72.18728137,1.74442424688687,21.2,14,47.6,0.055,38.579,1.364,75.9269650195774,18.1649507701107,0,0,0,0,0,0,0,0,0,0,0,0,0,0,0,0,0,0,0
"73","FBM0196",0,0,0,42.80796572,-71.95714911,1.64116189565223,4.3,31.5,39.6,0.046,35.492,1.255,73.506196007377,16.755042462845,0,0,0,0,0,0,0,0,0,0,0,0,0,0,0,0,0,0,0
"74","FBM0220",0,0,0,42.81298984,-72.10442182,1.68443969205984,21,8.4,43.6,0.05,41.454,1.466,72.8513509140916,17.4385388165149,0,0,0,0,0,0,0,0,0,0,0,0,0,0,0,0,0,0,0
"75","FBM0221",0,2,0.2,42.81675213,-71.91701637,1.60949129066235,12.2,22.8,49.6,0.033,31.713,1.122,79.0685135441277,18.5064619530819,0,0,0,0,0,0,0,0,0,0,NA,NA,NA,NA,NA,NA,NA,NA,NA
"76","FBM0229",0,1,0.0526315789473684,42.82030696,-71.89027972,1.71640816853384,24.7,9.7,52.6,0.044,34.36,1.215,77.9151105213761,18.3015659133133,0,0,0,0,0,0,0,0,0,0,0,0,0,0,0,0,0,0,0
"77","FBM0244",0,0,0,42.82743416,-71.89820964,1.62171615326214,22.4,12.9,51.8,0.033,37.134,1.313,78.6889198110155,18.3827715049921,0,0,0,0,0,0,0,0,0,0,0,0,0,0,0,0,0,0,0
"78","FBM0245",0,1,0.0526315789473684,42.82095753,-72.12839426,1.65807086013667,25.8,9.1,41.9,0.055,45.452,1.608,74.2666666666667,17.5295366401306,0,0,0,0,0,0,0,0,0,0,0,0,0,0,0,0,0,0,0
"79","FBM0247",0,1,0.0526315789473684,42.82134276,-72.14023443,1.70395423610023,24.4,11.7,41.2,0.073,47.903,1.694,74.1200168263008,17.5354533208148,0,0,0,0,0,0,0,0,0,0,0,0,0,0,0,0,0,0,0
"80","FBM0264",0,0,0,42.83678933,-71.88531384,1.6392880709231,27.6,9.5,50.3,0.039,33.42,1.182,77.3533428257071,18.2595223515003,0,0,0,0,0,0,0,0,0,0,0,0,0,0,0,0,0,0,0
"81","FBM0278",0,0,0,42.84590952,-71.92309069,1.6035214842093,10.3,22.3,47.1,0.051,39.456,1.395,72.7909129154396,17.1943798212318,0,0,0,0,0,0,0,0,0,0,0,0,0,0,0,0,0,0,0
"82","FBM0283",0,0,0,42.8456604,-71.88554417,1.60073242422269,26.5,10.7,52.8,0.036,29.33,1.037,78.5180403197101,18.5172934478748,0,0,0,0,0,0,0,0,0,0,0,0,0,0,0,0,0,0,0
"83","FBM0287",0,0,0,42.83922638,-72.11665794,1.56506062954489,39.3,10.6,33.6,0.037,27.535,0.974,76.2068853944218,17.9130780848198,0,0,0,0,0,0,0,0,0,0,0,0,0,0,0,0,0,0,0
"84","FBM0306",0,0,0,42.9407533,-72.0240912,1.69254018320667,20.2,13.6,43.5,0.046,42.445,1.501,75.7476617366258,17.7044009779951,0,0,0,0,0,0,0,0,0,0,0,0,0,0,0,0,0,0,0
"85","FBM0320",0,3,0.157894736842105,42.9483599,-72.0734421,1.63745264336624,29.4,5.8,44.2,0.063,53.764,1.902,75.8716712506067,17.9682762836186,0,0,0,0,0,0,0,0,0,0,0,0,0,0,0,0,0,0,0
"86","FBM0328",0,3,0.157894736842105,42.95641417,-72.05286909,1.52342973625923,32,9,46.2,0.034,35.812,1.267,79.9270944568488,18.8960311315757,0,0,0,0,0,0,0,0,0,0,0,0,0,0,0,0,0,0,0
"87","FBM0336",0,2,0.105263157894737,42.967916,-72.0274822,1.60263329212017,29.7,12.2,45.8,0.041,44.837,1.586,79.7516826300803,19.1713342974112,0,0,0,0,0,0,0,0,0,0,0,0,0,0,0,0,0,0,0
"88","FBM0354",0,1,0,42.9812558,-72.0012259,1.8861258815381,20.7,14.3,43.9,0.075,59.874,2.118,73.2168425140786,17.7410190615836,0,0,0,0,0,0,0,0,0,0,0,0,0,0,0,0,0,0,0
"89","FBM0356",0,0,0,42.986285,-72.0270869,1.6031480669362,24.3,10.7,44.9,0.045,51.065,1.806,73.6910085093992,17.7272782799902,0,0,0,0,0,0,0,0,0,0,0,0,0,0,0,0,0,0,0
"90","FBM0358",0,1,0.0526315789473684,42.9829791,-72.0464972,1.48402317603573,28.9,9.3,40.4,0.036,40.212,1.422,71.3605087707942,17.0662336604634,0,0,0,0,0,0,0,0,0,0,0,0,0,0,0,0,0,0,0
"91","FBM0362",0,1,0.0526315789473684,42.99736219,-71.97922066,1.89721806884584,16.6,19.6,42.9,0.069,61.163,2.163,72.5511003236246,17.4596999124575,0,0,0,0,0,0,0,0,0,0,0,0,0,0,0,0,0,0,0
"92","FBM0373",0,0,0,43.0101139,-71.9963393,1.66208803105473,21.9,15,46.4,0.036,44.308,1.567,74.9860832416338,18.020757865603,0,0,0,0,0,0,0,0,0,0,0,0,0,0,0,0,0,0,0
"93","FBM0377",0,3,0.157894736842105,43.0039257,-72.0411061,1.45774388756138,29.1,9.7,39.8,0.032,33.368,1.18,73.1724751642235,17.2933298052067,0,0,0,0,0,0,0,0,0,0,0,0,0,0,0,0,0,0,0
"94","FBM0400",0,1,0,43.0198959,-72.0832235,1.44211694815074,32.3,7.3,44.6,0.03,18.46,0.653,78.249603624009,18.5265011194789,0,0,0,0,0,0,0,0,0,0,0,0,NA,NA,NA,NA,NA,NA,NA
"95","FBM0411",0,0,0,43.12040948,-72.03606048,1.58561290685665,21.5,10.3,46.3,0.041,32.375,1.145,77.0236223020419,17.7411817295189,0,0,0,0,0,0,0,0,0,0,0,0,0,0,0,0,0,0,0
"96","FBM0412",0,0,0,43.12080855,-72.04485838,1.58203025285412,22,9.5,46.1,0.045,33.496,1.185,76.5700048535836,17.4767836459328,0,0,0,0,0,0,0,0,0,0,0,0,0,0,0,0,0,0,0
"97","FBM0414",1,2,0.105263157894737,43.12165799,-72.07052162,1.65587081811263,32.3,6.6,37.8,0.057,37.219,1.316,74.5417327421599,17.1937345089594,0,0,0,0,0,0,0,0,0,0,0,0,0,0,0,0,0,0,0
"98","FBM0423",0,1,0.0526315789473684,43.1289661,-72.07114628,1.66397975308711,31.4,6.3,39.3,0.062,40.546,1.434,74.6349427221539,17.1394271785497,0,0,0,0,0,0,0,0,0,0,0,0,0,0,0,0,0,0,0
"99","FBM0433",0,0,0,43.15055131,-71.97722893,1.74089593561666,11.9,20.3,43.5,0.06,47.434,1.678,69.86366578215,16.6116966189461,0,0,0,0,0,0,0,0,0,0,0,0,0,0,0,0,0,0,0
"100","FBM0481",0,3,0.157894736842105,43.19421335,-71.96125193,1.4244740611488,29.6,15.9,43.7,0.009,16.323,0.577,81.6839363148016,19.0511222957341,0,0,0,0,0,0,0,0,0,0,0,0,0,0,0,0,0,0,0
"101","FBM0489",0,2,0.105263157894737,43.19193723,-72.06222347,1.52668121405113,23.8,15.5,42.1,0.041,25.358,0.897,75.9181850545325,17.239456914397,0,0,0,0,0,0,0,0,0,0,0,0,0,0,0,0,0,0,0
"102","FBM0492",0,1,0.0526315789473684,43.29458786,-71.229963,1.70243356701935,8.4,16.7,48.1,0.059,46.499,1.645,67.7507523054522,15.2667463630101,0,0,0,0,0,0,0,0,0,0,0,0,0,0,0,0,0,0,0
"103","FBM0495",0,2,0.105263157894737,43.29189427,-71.18877341,1.58689582291159,12.4,26.4,45.6,0.037,37.847,1.339,73.6674433656958,15.6115230339127,0,0,0,0,0,0,0,0,0,0,0,0,0,0,0,0,0,0,0
"104","FBM0500",0,1,0.0526315789473684,43.28841628,-71.12541642,1.66926929143206,13.3,17.8,46.7,0.05,40.936,1.448,72.4921538809978,15.2263894798695,0,0,0,0,0,0,0,0,0,0,0,0,0,0,0,0,0,0,0
"105","FBM0506",0,0,0,43.3026884,-71.1799989,1.56591485406351,5.9,40.2,35.7,0.047,45.711,1.617,74.2717535514351,15.2662331084503,0,0,0,0,0,0,0,0,0,0,0,0,0,0,0,0,0,0,0
"106","FBM0507",0,1,0.0833333333333333,43.3033961,-71.1669281,1.54848508652152,8.1,40.5,35.5,0.041,38.532,1.363,76.7375744240228,15.7679218911419,0,0,0,0,0,0,0,0,0,0,0,0,NA,NA,NA,NA,NA,NA,NA
"107","FBM0516",0,0,0,43.31128187,-71.16803616,1.55136528521691,6.4,45.1,31.7,0.039,41.289,1.46,77.0341056173958,15.7211035935664,0,0,0,0,0,0,0,0,0,0,0,0,0,0,0,0,0,0,0
"108","FBM0524",0,0,0,43.32071408,-71.18032336,1.58408780477579,2.4,50.5,25.7,0.046,37.619,1.331,74.9736569579288,15.1155715790327,0,0,0,0,0,0,0,0,0,0,0,0,0,0,0,0,0,0,0
"109","FBM0527",0,0,0,43.32122119,-71.14350434,1.55971672665259,11,34.1,39.6,0.026,27.632,0.977,79.2642309310378,16.4884451015737,0,0,0,0,0,0,0,0,0,0,0,0,0,0,0,0,0,0,0
"110","FBM0535",1,1,0.0526315789473684,43.3294478,-71.15494263,1.54518307190376,6,44.4,31.9,0.025,30.762,1.088,78.7434959875744,15.9890043132252,0,0,0,0,0,0,0,0,0,0,0,0,0,1,0,0,0,0,0
"111","FBM0559",0,2,0.105263157894737,43.35614312,-71.19363986,1.80476984443111,9.9,22.2,46,0.065,37.554,1.328,74.1491537490696,16.0680764949914,0,0,0,0,0,0,0,0,0,0,0,0,0,0,0,0,0,0,0
"112","FBM0581",0,0,0,43.38230769,-71.61595065,1.87918913038,20.7,15.2,40.2,0.075,58.13,2.056,68.5124445739068,15.4338080595566,0,0,0,0,0,0,0,0,0,0,0,0,0,0,0,0,0,0,0
"113","FBM0586",0,0,0,43.3824507,-71.6768732,1.67740327333955,28.8,13.9,37.1,0.038,40.909,1.447,69.7047705353097,16.56537309809,0,0,0,0,0,0,0,0,0,0,0,0,0,0,0,0,0,0,0
"114","FBM0597",0,3,0.105263157894737,43.3901887,-71.6912335,1.72674260632261,30.9,10,38.2,0.051,43.302,1.532,71.585545054376,16.8030588092493,0,0,0,0,0,0,0,0,0,0,0,0,0,0,0,0,0,0,0
"115","FBM0617",0,1,0.0526315789473684,43.4026308,-71.6875491,1.72597233917524,32.6,10.7,35.6,0.048,45.41,1.606,72.145326255826,16.8701579788418,0,0,0,0,0,0,0,0,0,0,0,0,0,0,0,0,0,0,0
"116","FBM0633",0,0,0,43.41018259,-71.64220753,1.98145872092388,23.8,9.8,33.5,0.121,57.654,2.039,59.8286574119018,14.1790329430322,0,0,0,0,0,0,0,0,0,NA,NA,NA,NA,NA,NA,NA,NA,NA,NA
"117","FBM0641",0,1,0.0526315789473684,43.3941793,-72.2190635,1.61078013071315,23.4,29.1,25.6,0.074,44.473,1.573,71.4008284521536,17.0504500859715,0,0,0,0,0,0,0,0,0,0,0,0,0,0,0,0,0,0,0
"118","FBM0654",0,0,0,43.41835598,-71.65048677,1.93597221219053,27.8,8.1,30.8,0.154,70.446,2.492,60.4924440992784,14.3660587926085,0,0,0,0,0,0,0,0,0,0,0,0,0,0,0,0,0,0,0
"119","FBM0662",0,0,0,43.4034259,-72.2329868,1.51226102405527,33.8,19.1,29,0.066,46.236,1.635,74.5432777867659,17.7048984709975,0,0,0,0,0,0,0,0,0,0,0,0,0,0,0,0,0,0,0
"120","FBM0677",0,0,0,43.43133558,-71.69076383,1.7133019401558,33.1,10.4,32.6,0.087,47.404,1.677,70.8950195786544,16.7601544651341,0,0,0,0,0,0,0,0,0,NA,NA,NA,NA,NA,NA,NA,NA,NA,NA
"121","FBM0682",0,0,0,43.4138215,-72.2317725,1.45615478460707,28.6,23.7,29.3,0.06,37.182,1.315,74.5212607598214,17.0151055569037,0,0,0,0,0,0,0,0,0,0,0,0,0,0,0,0,0,0,0
"122","FBM0700",0,1,0.0526315789473684,43.4222671,-72.2092435,1.49327682842852,19.6,30.4,28.1,0.061,36.319,1.285,71.0461060601158,15.937764118325,0,0,0,0,0,0,0,0,0,0,0,0,0,0,0,0,0,0,0
"123","FBM0704",0,0,0,43.4195441,-72.2542979,1.34733962682105,32.7,22.6,31.2,0.034,25.901,0.916,77.8025758017021,17.4765525469657,0,0,0,0,0,0,0,0,0,0,0,0,0,0,0,0,0,0,0
"124","FBM0713",1,0,0,43.44528253,-71.6383642,1.95237803795963,13.5,8.8,29.3,0.341,117.277,4.148,51.5314563106796,12.0932718931264,0,0,0,0,0,0,0,0,0,0,0,0,0,0,0,1,0,0,0
"125","FBM0716",0,1,0.0526315789473684,43.44540838,-71.67884141,1.790083243032,30.6,7.8,28.4,0.184,81.481,2.882,62.8398485534917,14.7899682719318,0,0,0,0,0,0,0,0,0,0,0,0,0,0,0,0,0,0,0
"126","FBM0721",0,0,0,43.4305623,-72.2234958,1.3884034782893,20.3,31.8,27.9,0.045,21.94,0.776,73.5612502426713,15.7542153572439,0,0,0,0,0,0,0,0,0,0,0,0,0,0,0,0,0,0,0
"127","FBM0722",0,0,0,43.429315,-72.2348377,1.3558504282676,22.2,32.6,27.2,0.042,29.64,1.048,74.6845919886106,16.0305247836986,0,0,0,0,0,0,0,0,0,0,0,0,0,0,0,0,0,0,0
"128","FBM0728",0,0,0,43.4265529,-72.3092036,1.51852763258102,20.7,34.9,31.3,0.048,36.319,1.285,76.3439906802149,18.0960208661895,0,0,0,0,0,0,0,0,0,0,0,0,0,0,0,0,0,0,0
"129","FBM0748",0,1,0.0526315789473684,43.4341524,-72.3082993,1.53751706373844,21.8,34.3,31.7,0.045,31.743,1.123,77.3779000161786,18.4969373521742,0,0,0,0,0,0,0,0,0,0,0,0,0,0,0,0,0,0,0
"130","FBM0752",0,2,0.105263157894737,43.46812694,-71.44597152,2.20287474765925,9.6,14.7,47.2,0.108,57.208,2.023,66.2669752087514,15.5691111111111,0,0,0,0,0,0,0,0,0,0,0,0,0,0,0,0,0,0,0
"131","FBM0756",0,1,0.0526315789473684,43.47065758,-71.39582198,1.84963033291663,29.1,5.4,46,0.072,47.496,1.68,73.2964856643583,16.967979151094,0,0,0,0,0,0,0,0,0,0,0,0,0,0,0,0,0,0,0
"132","FBM0784",0,0,0,43.4636253,-72.0014295,1.53204775571846,26.7,28.1,34.4,0.016,14.239,0.504,77.4784944496586,17.3200598016041,0,0,0,0,0,0,0,0,0,0,0,0,0,0,0,0,0,0,0
"133","FBM0806",0,5,0.210526315789474,43.48718785,-71.39616973,1.77402519105356,28.9,7.3,52.6,0.044,34.471,1.219,77.6833112197016,17.9170520873306,0,0,0,0,0,0,0,0,0,0,0,0,0,0,0,0,0,0,0
"134","FBM0831",0,0,0,43.4809782,-72.0149067,1.46666041635809,25.8,25.3,34.4,0.034,25.439,0.9,76.8234475617254,16.6129996566281,0,0,0,0,0,0,0,0,0,0,0,0,0,0,0,0,0,0,0
"135","FBM0849",0,0,0,43.4916986,-71.977783,1.37301508446066,31.2,19.5,35.4,0.024,23.115,0.818,77.4355580010357,17.4882354129219,0,0,0,0,0,0,0,0,0,0,0,0,0,0,0,0,0,0,0
"136","FBM0862",0,4,0.105263157894737,43.51270479,-71.41063068,1.90999615342471,17.1,11.4,51.1,0.118,49.717,1.758,70.4741610846843,15.9962651161852,0,0,0,0,0,0,0,0,0,0,0,0,0,0,0,0,0,0,0
"137","FBM0864",0,3,0.0526315789473684,43.51471183,-71.38530549,1.70722476749348,19.5,13.3,54.2,0.082,34.356,1.215,77.5636022392648,17.0369054348704,0,0,0,0,0,0,0,0,0,0,0,0,0,0,0,0,0,0,0
"138","FBM0870",0,2,0.0526315789473684,43.4995259,-72.0156027,1.45681829807056,27,21.4,37.4,0.044,33.374,1.18,77.6447572815534,16.8110662358643,0,0,0,0,0,0,0,0,0,0,0,0,0,0,0,0,0,0,0
"139","FBM0871",0,0,0,43.500984,-71.9663559,1.39298579028608,25.3,24.1,38.1,0.033,33.499,1.185,79.286463221255,17.5266558966074,0,0,0,0,0,0,0,0,0,0,0,0,0,0,0,0,0,0,0
"140","FBM0881",0,2,0.105263157894737,43.52323214,-71.42355563,1.97539899799044,12.1,9.4,40.5,0.28,92.805,3.282,60.8717799352751,14.1190447351421,0,0,0,0,0,0,0,0,0,0,0,0,0,0,0,0,0,0,0
"141","FBM0883",0,0,0,43.52334993,-71.39702561,1.85792886980915,13.3,15.2,50,0.132,45.474,1.608,72.2107766990291,15.7600516712417,0,0,0,0,0,0,0,0,0,0,0,0,0,0,0,0,0,0,0
"142","FBM0886",0,4,0.157894736842105,43.51601116,-71.36116561,1.57067582693287,20.7,15.8,52.2,0.069,21.84,0.772,78.1491668014884,16.6704084310836,0,0,0,0,0,0,0,0,0,0,0,0,0,0,0,0,0,0,0
"143","FBM0908",0,3,0.230769230769231,43.52041444,-71.9906975,1.39658446303232,32,20.1,40.5,0.026,21.485,0.76,81.9152778227242,17.9770892208317,0,0,0,0,0,0,0,0,0,0,0,0,0,NA,NA,NA,NA,NA,NA
"144","FBM0912",0,2,0.105263157894737,43.5166899,-72.0265664,1.49024434219651,24,22.6,40,0.048,30.911,1.093,78.9492638731597,17.2648620278972,0,0,0,0,0,0,0,0,0,0,0,0,0,0,0,0,0,0,0
"145","FBM0923",1,2,0.105263157894737,43.54205388,-71.39794808,1.98460172410111,13.2,16,43.2,0.186,62.66,2.216,67.6265251302631,15.0515661580689,0,0,0,0,0,0,0,0,0,0,0,0,0,0,0,1,0,0,0
"146","FBM0936",0,0,0,43.5245867,-72.0770173,1.68839151786526,10.8,24.9,34.1,0.093,62.946,2.226,72.2605093686288,15.0719836896183,0,0,0,0,0,0,0,0,0,NA,NA,NA,NA,NA,NA,NA,NA,NA,NA
"147","FBM0943",0,0,0,43.55037051,-71.40052602,2.00093096179525,11.2,13.4,40,0.248,79.807,2.823,62.8096039347657,14.1156958092048,0,0,0,0,0,0,0,0,0,0,0,0,0,0,0,0,0,0,0
"148","FBM0964",0,0,0,43.543811,-72.0555377,1.51150708127644,12.8,25.8,39,0.038,24.739,0.875,74.2825059866675,15.7352798740869,0,0,0,0,0,0,0,0,0,0,0,0,0,0,0,0,0,0,0
"149","FBM0971",0,1,0.0526315789473684,43.64689063,-71.18315041,1.77922384755047,16.8,12.4,55.4,0.057,40.251,1.424,74.8225415008252,16.3041087613293,0,0,0,0,0,0,0,0,0,0,0,0,0,0,0,0,0,0,0
"150","FBM0984",0,0,0,43.65723296,-71.13103583,1.70286910856044,19.3,11.8,53.4,0.051,37.648,1.332,74.6666127414501,16.1387741948478,0,0,0,0,0,0,0,0,0,0,0,0,0,0,0,0,NA,NA,NA
"151","FBM0989",0,0,0,43.6616305,-71.19021713,1.80883457465536,13.7,13.4,54.3,0.061,45.643,1.614,72.1389688986699,15.6903462305384,0,0,0,0,0,0,0,0,0,0,0,0,0,0,0,0,0,0,0
"152","FBM0997",1,0,0,43.64508087,-71.94582933,1.53248356444679,39.4,21.3,29.8,0.037,21.536,0.762,79.2251561337087,17.2700829908952,0,0,0,0,0,0,0,0,0,0,0,1,0,0,0,0,0,0,0
"153","FBM1000",0,1,0.0526315789473684,43.64560473,-71.91551314,1.37403763159859,44.1,22.1,29.5,0.011,8.538,0.302,81.2930365001294,18.1469492174123,0,0,0,0,0,0,0,0,0,0,0,0,0,0,0,0,0,0,0
"154","FBM1014",0,1,0.0526315789473684,43.67380149,-71.13088086,1.75585447066756,15.1,10.7,53.1,0.07,49.905,1.765,69.7369494158387,14.9316593842498,0,0,0,0,0,0,0,0,0,0,0,0,0,0,0,0,0,0,0
"155","FBM1019",0,0,0,43.65357844,-71.92617017,1.3997283539816,39.6,25,29.3,0.025,13.82,0.489,80.7874413335491,17.7924589107316,0,0,0,0,0,0,0,0,0,0,0,0,0,0,0,0,0,0,0
"156","FBM1052",0,5,0.157894736842105,43.68998711,-71.15518238,1.75763024106845,11.6,9.8,56.2,0.061,46.647,1.65,69.0882581396854,14.6094379127074,0,0,0,0,0,0,0,0,0,0,0,0,0,0,0,0,0,0,0
"157","FBM1059",0,0,0,43.67265485,-71.92548535,1.36382813705449,34.9,24.4,35.1,0.024,4.97,0.176,81.0933687174342,18.1343025128866,0,0,0,0,0,0,0,0,0,0,0,0,0,0,0,0,0,0,0
"158","FBM1061",1,3,0.157894736842105,43.6745283,-71.90676962,1.30513136176616,36.3,24.2,35.2,0.018,2.133,0.075,81.5930420711974,18.6728414948454,0,0,0,0,0,0,0,0,0,0,0,0,0,0,0,0,0,0,1
"159","FBM1070",0,0,0,43.70024028,-71.18492224,1.79105643376431,11.8,8.4,60.3,0.054,42.859,1.516,71.5703929056897,16.09362293168,0,0,0,0,0,0,0,0,0,0,0,0,0,0,0,0,0,0,0
"160","FBM1078",0,2,0.105263157894737,43.68096876,-71.9365432,1.41142714245398,33.8,20.3,40.1,0.027,8.318,0.294,81.6324952270006,18.3789187556629,0,0,0,0,0,0,0,0,0,0,0,0,0,0,0,0,0,0,0
"161","FBM1100",0,1,0.0526315789473684,43.69052358,-71.91464484,1.31889330830422,40.9,17.8,36.5,0.022,7.352,0.26,82.6157530256941,19.2224436392915,0,0,0,0,0,0,0,0,0,0,0,0,0,0,0,0,0,0,0
"162","FBM1114",0,1,0.0526315789473684,43.72026778,-71.13140621,1.85151162704128,7.7,19.5,44.4,0.063,45.582,1.612,67.0646820902766,14.155844417168,0,0,0,0,0,0,0,0,0,0,0,0,0,0,0,0,0,0,0
"163","FBM1128",1,0,0,43.72510723,-71.20888087,1.67836988934234,24.3,5.4,48.3,0.033,32.142,1.137,70.4518863651071,15.6217863608932,0,0,0,0,0,0,0,0,0,0,0,0,0,0,0,0,0,0,0
"164","FBM1136",0,0,0,43.70466449,-71.91549543,1.33789798612541,44.6,9.8,40.2,0.027,14.491,0.513,82.7771341660734,19.6434882363596,0,0,0,0,0,0,0,0,0,0,0,0,0,0,0,0,0,0,NA
"165","FBM1148",0,0,0,43.71929949,-71.8931198,1.390397802111,43.8,9.3,42.3,0.026,16.84,0.596,82.8114483561998,19.5954282954706,0,0,0,0,0,0,0,0,0,0,0,0,0,0,0,0,0,0,0
"166","FBM1162",0,0,0,43.99602085,-71.3654368,1.27500962071434,18.2,39,27.4,0.04,21.329,0.754,77.5960194174757,17.248558038933,0,0,0,0,0,0,0,0,0,0,0,0,0,0,0,0,0,0,0
"167","FBM1163",0,0,0,43.99250644,-71.58331713,1.24571280826863,35.6,33.5,29.5,0.009,7.567,0.268,83.9451474062328,18.4958340009614,0,0,0,0,0,0,0,0,0,0,0,0,0,0,0,0,0,0,0
"168","FBM1170",2,0,0,43.99623523,-71.46401435,1.24083953734922,29,34.7,35.4,0.005,4.89,0.173,83.2893621152788,17.5652687655211,0,0,0,0,0,0,0,0,0,1,0,0,0,0,0,1,0,0,0
"169","FBM1182",0,0,0,44.00086924,-71.58062348,1.24118897011152,28.4,43.1,27.2,0.008,6.533,0.231,83.6828920965758,17.4751977570842,0,0,0,0,0,0,0,0,0,0,0,0,0,0,0,0,0,0,0
"170","FBM1184",0,0,0,44.00113549,-71.54034576,1.24102751667284,15.4,64.7,18.5,0.006,4.503,0.159,83.0698615066011,15.7003244282453,0,0,0,0,0,0,0,0,0,0,0,0,0,0,0,0,0,0,0
"171","FBM1185",1,0,0,43.99903436,-71.41183122,1.24101615949421,37.3,23,33.7,0.02,7.763,0.275,80.7193993138714,19.0987864466517,0,0,0,0,0,0,0,0,0,0,0,0,0,0,0,1,0,0,0
"172","FBM1201",1,0,0,44.01241075,-71.44937796,1.23772586855884,25.8,31,41.4,0.012,9.803,0.347,82.6518897230132,17.8818052579941,0,0,0,0,0,0,0,0,0,0,1,0,0,0,0,0,0,0,0
"173","FBM1212",0,0,0,44.0190494,-71.47360681,1.24033404074826,10.1,56.2,31.9,0.013,13.558,0.48,82.473139158576,15.7996156463947,0,0,0,0,0,0,0,0,0,0,0,0,0,0,0,0,0,0,0
"174","FBM1213",0,0,0,44.01441063,-71.56013357,1.23743052917706,9.8,64.4,25.1,0,2.509,0.089,82.685876071833,15.6349730714557,0,0,0,0,0,0,0,0,0,0,0,0,0,0,0,0,0,0,0
"175","FBM1219",0,0,0,44.020474,-71.44333874,1.23750369351807,26.4,32.8,37.7,0.011,9.803,0.347,82.2490048221625,17.8739438593681,0,0,0,0,0,0,0,0,0,0,0,0,0,0,0,0,0,0,0
"176","FBM1239",0,0,0,44.0262133,-71.53774973,1.23832782439365,9,59.5,29.8,0.012,10.363,0.367,81.9500420630298,16.1080951237089,0,0,0,0,0,0,0,0,0,0,0,0,0,0,0,0,0,0,0
"177","FBM1241",0,0,0,44.02954544,-71.49186483,1.24101364825501,3.9,72.6,21.2,0.017,13.647,0.483,81.680440058243,15.0977279551596,0,0,0,0,0,0,0,0,0,0,0,0,0,0,0,0,0,0,0
"178","FBM1270",1,1,0.0526315789473684,44.04124879,-71.55056343,1.24124731341391,20.9,40.9,36.5,0.015,13.527,0.478,82.8918263008025,17.4133023758532,0,0,0,0,0,0,0,0,0,0,0,1,0,0,0,0,0,0,0
"179","FBM1278",0,1,0.0526315789473684,44.05168333,-71.39690224,1.23816374296078,47.1,22.3,27.7,0.01,5.592,0.198,82.3754853740616,19.6638184619695,0,0,0,0,0,0,0,0,0,0,0,0,0,0,0,0,0,0,0
"180","FBM1290",0,0,0,44.05156947,-71.51128514,1.23810298635408,6.5,75.8,16.2,0.013,10.188,0.36,81.6064459761188,14.8411342124747,0,0,0,0,0,0,0,0,0,0,0,0,0,0,0,0,0,0,0
"181","FBM1295",1,0,0,44.05609529,-71.43074947,1.23639423550853,33.7,37.5,26.3,0.01,5.592,0.198,82.912982978448,17.6759033251971,0,0,0,0,0,0,0,0,0,1,0,0,0,0,0,0,0,0,0
"182","FBM1326",0,0,0,44.06699098,-71.44916008,1.23625833749609,22.2,60.4,16.4,0.006,5.592,0.198,82.7893135700185,15.8464277854471,0,0,0,0,0,0,0,0,0,0,0,0,0,0,0,0,0,0,0
"183","FBM1346",0,0,0,44.08355082,-71.04406849,1.38935617427101,20.4,14,47.9,0.029,17.428,0.616,75.1081842011586,17.9521447855214,0,0,0,0,0,0,0,0,0,0,0,0,0,0,0,0,0,0,0
"184","FBM1349",0,0,0,44.07452885,-71.5789779,1.27122403078423,46,26,24.9,0.017,9.386,0.332,82.2475891528056,19.174397439744,0,0,0,0,0,0,0,0,0,0,0,0,0,0,0,0,0,0,0
"185","FBM1369",0,2,0.105263157894737,44.09800909,-71.02655973,1.44656957584722,20.9,11.5,41.9,0.044,27.504,0.973,67.827049419075,15.9392357986923,0,0,0,0,0,0,0,0,0,0,0,0,0,0,0,0,0,0,0
"186","FBM1371",0,0,0,44.0812127,-71.9132575,1.48699821674602,34.2,18.4,41.3,0.029,20.028,0.708,80.3631156559446,17.7678139311641,0,0,0,0,0,0,0,0,0,0,0,0,0,0,0,0,0,0,0
"187","FBM1373",0,0,0,44.0799998,-71.8799157,1.42193451494373,41.8,13.3,39.4,0.033,25.759,0.911,80.9128409201203,18.5432325939556,0,0,0,0,0,0,0,0,0,0,0,0,0,0,0,0,0,0,0
"188","FBM1395",1,0,0,44.0912425,-71.9203118,1.63908075028375,28.1,20.6,43.5,0.037,25.268,0.894,79.0216807429699,17.4575342465753,0,0,0,0,0,0,0,0,0,0,1,0,0,0,0,0,0,0,0
"189","FBM1404",0,0,0,44.10111639,-71.8551636,1.44398598341593,38,12.5,38.8,0.055,39.787,1.407,79.1539706167885,18.1494981405207,0,0,0,0,0,0,0,0,0,0,0,0,0,0,0,0,0,0,0
"190","FBM1407",0,0,0,44.11926123,-71.11407943,1.51693015316579,23.4,29.8,43,0.028,23.311,0.824,79.7446512380644,18.0938243467482,0,0,0,0,0,0,0,0,0,0,0,0,0,0,0,0,0,0,0
"191","FBM1411",0,0,0,44.1186197,-71.03106275,1.37933142603512,28.3,12.3,48.1,0.029,15.713,0.556,77.0359246553175,18.1326936531734,0,0,0,0,0,0,0,0,0,0,0,0,0,0,0,0,0,0,0
"192","FBM1432",0,0,0,44.12721618,-71.08000207,1.29068153800297,26.8,27.7,44.6,0.004,5.818,0.206,82.2158715774484,19.4802030659765,0,0,0,0,0,0,0,0,0,0,0,0,0,0,0,0,0,0,0
"193","FBM1433",0,1,0.0526315789473684,44.11121955,-71.87573023,1.47747164815404,40.1,12.5,38.9,0.057,43.901,1.553,79.911505856468,18.3063252169046,0,0,0,0,0,0,0,0,0,0,0,0,0,0,0,0,0,0,0
"194","FBM1448",0,1,0.0526315789473684,44.1104236,-71.90122201,1.62999659103782,32.5,15.2,43.6,0.061,42.276,1.495,80.1417335577421,17.9485026588301,0,0,0,0,0,0,0,0,0,0,0,0,0,0,0,0,0,0,0
"195","FBM1457",0,0,0,44.12338688,-71.84571917,1.34800588682298,51.7,10.9,27.8,0.03,25.93,0.917,80.1385904737251,18.5135005496153,0,0,0,0,0,0,0,0,0,0,0,0,0,0,0,0,0,0,0
"196","FBM1466",0,0,0,44.14347703,-71.11195423,1.40903820908808,32.4,17.4,46.9,0.024,22.234,0.786,82.0288654456022,19.2898081534772,0,0,0,0,0,0,0,0,0,0,0,0,0,0,0,0,0,0,0
"197","FBM1475",0,0,0,44.14931214,-71.04542607,1.2935478439456,38.2,11.2,48.4,0.009,9.111,0.322,83.127972819932,19.665947500899,0,0,0,0,0,0,0,NA,NA,NA,NA,NA,NA,NA,NA,NA,NA,NA,NA
"198","FBM1495",1,0,0,44.15877063,-71.0940806,1.28250089109341,39,16.6,41.1,0.015,11.571,0.409,82.1162384311695,19.6651153500449,0,0,0,0,0,0,0,0,0,0,0,0,0,0,0,0,0,0,1
"199","FBM1502",0,0,0,44.14473942,-71.90153544,1.49461282707772,42,12.4,35.6,0.042,29.073,1.028,78.6099226512185,17.4379645169024,0,0,0,0,0,0,0,0,0,0,0,0,0,0,0,0,0,0,0
"200","FBM1503",0,0,0,44.1632884,-71.06599464,1.26599381932687,44.8,10.5,41.4,0.014,15.39,0.544,82.5552858945733,19.5878475551294,0,0,0,0,0,0,0,0,0,0,0,0,0,0,0,0,0,0,0
"201","FBM1511",0,1,0.0526315789473684,44.14625663,-71.84959689,1.35289809569045,54.5,8.9,28.8,0.022,11.993,0.424,80.7005145131541,18.3901098901099,0,0,0,0,0,0,0,0,0,0,0,0,0,0,0,0,0,0,0
"202","FBM1529",0,0,0,44.25378797,-71.25278262,1.25087182108149,16.3,56,19.5,0.072,10.146,0.359,79.6088096316914,14.9276440437965,0,0,0,0,0,0,0,0,0,0,0,0,0,0,0,0,0,0,0
"203","FBM1538",1,0,0,44.2639222,-71.3535702,1.24536248019598,1.2,79.3,13.4,0.015,10.633,0.376,75.9706472491909,14.3853853055528,0,0,0,0,0,0,0,0,0,0,0,0,0,0,1,0,0,0,0
"204","FBM1539",0,0,0,44.26117995,-71.31445888,1.24640741514598,1.9,67.8,2.9,0.008,8.852,0.313,56.8253624126327,8.3390560507268,0,0,0,0,0,0,0,0,0,0,0,0,0,0,0,0,0,0,0
"205","FBM1545",0,0,0,44.27333263,-71.29902945,1.24659496805596,1.6,66.6,2.3,0.018,8.381,0.296,56.3677312882244,8.34012398588714,0,0,0,0,0,0,0,0,0,0,0,0,0,NA,NA,NA,NA,NA,NA
"206","FBM1557",0,0,0,44.285095,-71.31954811,1.24372270396313,0.7,72.1,2.1,0.012,11.593,0.41,60.541700378653,9.77343485280341,0,0,0,0,0,0,0,0,0,0,0,0,0,NA,NA,NA,NA,NA,NA
"207","FBM1562",0,0,0,44.29553159,-71.27813236,1.2448900497104,7.3,68.1,11.4,0.019,9.572,0.339,71.0988932755161,12.1735863347352,0,0,0,0,0,0,0,0,0,0,NA,NA,NA,NA,NA,NA,NA,NA,NA
"208","FBM1563",0,0,0,44.29754088,-71.23665143,1.26219285938006,32.8,32.8,31.4,0.023,19.478,0.689,82.0558917764329,17.9911511479592,0,0,0,0,0,0,0,0,0,0,0,0,0,0,0,0,0,0,0
"209","FBM1565",0,0,0,44.2991253,-71.3402887,1.24123553136821,3.3,73.7,13.4,0.008,7.326,0.259,74.2220819985115,13.7536116369433,0,0,0,0,0,0,0,0,0,0,0,0,0,0,0,0,0,0,0
"210","FBM1573",0,0,0,44.3181825,-71.3321901,1.24998798392585,9.2,62.8,15.6,0.006,6.386,0.226,72.4923131695634,13.6205378486056,0,0,0,0,0,0,0,0,0,0,0,0,0,0,0,0,0,0,0
"211","FBM1597",0,0,0,44.346858,-71.5295376,1.40800052760103,25,12.3,41.2,0.029,13.435,0.475,75.0453074433657,15.5400115484937,0,0,0,0,0,0,0,0,0,0,0,0,0,0,0,0,0,0,0
"212","FBM1607",0,1,0,44.35728068,-71.52837035,1.38716710277746,20.1,10.9,34.8,0.032,17.936,0.634,70.8150809061489,14.4888503962091,0,0,0,0,0,0,0,0,0,0,0,0,0,0,0,0,0,0,0
"213","FBM1614",0,0,0,44.36784341,-71.4857318,1.43687894853491,18.9,5.8,31.8,0.046,26.464,0.936,65.1264843876395,13.7668544357969,0,0,0,0,0,0,0,0,0,0,0,0,0,0,0,0,0,0,0
"214","FBM1617",0,0,0,44.36912378,-71.51838161,1.38193910842189,13.1,9.6,31,0.028,11.637,0.412,70.0536245954693,13.9907057278191,0,0,0,0,0,0,0,0,0,0,0,0,0,0,0,0,0,0,0
"215","FBM1619",0,0,0,44.369089,-71.5414922,1.44215165136316,7.6,13.4,32.3,0.033,17.049,0.603,66.9458252427184,13.1902316694531,0,0,0,0,0,0,0,0,0,0,0,0,0,0,0,0,0,0,0
"216","FBM1621",0,1,0,44.3712412,-71.5618719,1.56917956559117,4.1,15,35.6,0.052,24.016,0.849,64.7283730865077,12.8997989609666,0,0,0,0,0,0,0,0,0,0,0,0,0,0,0,0,0,0,0
"217","FBM1628",0,0,0,44.37968504,-71.51955878,1.40854670862309,7.6,10.1,31.9,0.022,13.05,0.462,70.7995015858632,13.8293930348259,0,0,0,0,0,0,0,0,0,0,0,0,0,0,0,0,0,0,0
"218","FBM1643",0,0,0,44.3905729,-71.5568634,1.57842383431536,5.1,12.1,39,0.051,25.768,0.911,66.9366384052812,12.3654343587091,0,0,0,0,0,0,0,0,0,0,0,0,0,0,0,0,0,0,0
"219","FBM1649",0,2,0.105263157894737,44.3997156,-71.5082172,1.48775039525502,11,9,31.3,0.031,22.862,0.809,66.0663582244079,12.8399443007758,0,0,0,0,0,0,0,0,0,0,0,0,0,0,0,0,0,0,0
"220","FBM1683",0,0,0,44.43301097,-71.31666095,1.24035515485458,54.9,9.3,29.9,0.014,13.143,0.465,83.1447249190938,17.4742294690793,0,0,0,0,0,0,0,0,NA,NA,NA,NA,NA,NA,NA,NA,NA,NA,NA
"221","FBM1692",3,0,0,44.43932928,-71.35288294,1.23689139403924,52.3,18.1,24,0.009,8.715,0.308,83.8408517248075,17.0660981234097,0,0,0,0,0,0,0,0,0,1,0,0,0,0,1,0,1,0,0
"222","FBM1712",1,0,0,44.45882219,-71.30718149,1.23891042980242,53.3,10.5,27.5,0.021,20.416,0.722,81.8190790538136,16.6001828553257,0,0,0,0,0,0,0,0,0,0,0,0,0,0,0,1,0,0,0
"223","FBM1719",0,0,0,44.46758183,-71.25396124,1.2621361175062,52.7,3.5,36.4,0.028,4.241,0.15,78.5425807286611,13.177328643256,0,0,0,0,0,0,0,0,0,0,0,0,0,0,0,0,0,0,0
"224","FBM1725",0,0,0,44.47132925,-71.27676795,1.24866717615438,49.9,6.1,37.1,0.035,11.701,0.414,79.7891279728199,14.4101142573274,0,0,0,0,0,0,0,0,0,0,0,0,0,0,0,0,0,0,0
"225","FBM1734",0,0,0,44.47874199,-71.3125773,1.24661638583952,45.2,15,30.2,0.026,23.303,0.824,80.9062459546926,15.5587282662693,0,0,0,0,0,0,0,0,0,0,0,0,0,0,0,0,0,0,0
"226","FBM1740",0,0,0,44.48380077,-71.33758719,1.24966560303827,52.6,12.8,25.4,0.025,27.764,0.982,79.9103472829077,16.2189486649714,0,0,0,0,0,0,0,0,0,0,0,0,0,0,0,0,0,0,0
"227","FBM1742",0,1,0.0526315789473684,44.48664055,-71.25690293,1.28919343831554,37.9,6.9,42.4,0.04,12.243,0.433,75.0050482169439,12.6382146120536,0,0,0,0,0,0,0,0,0,0,0,0,0,0,0,0,0,0,0
"228","FBM1764",0,0,0,44.5042527,-71.35183757,1.25478902795896,68.8,6.7,18.7,0.014,11.938,0.422,81.2891858659073,16.9520575150937,0,0,0,0,0,0,0,0,0,0,0,0,0,0,0,0,0,0,0
"229","FBM1832",0,0,0,44.56774373,-71.22175847,1.46771299826676,30,12.5,35.5,0.03,12.057,0.426,71.4193955475019,12.7521377695772,0,0,0,0,0,0,0,0,0,0,0,0,0,0,0,0,0,0,0
"230","FBM1867",1,0,0,44.69950206,-71.24320038,1.26180472816373,51.5,8.8,29.5,0.021,27.255,0.964,73.7110449500016,11.6223106308018,0,0,0,0,0,0,0,0,0,0,0,0,0,0,0,0,0,0,0
"231","FBM1872",0,0,0,44.69907857,-71.29863979,1.24077836370035,40,13.3,31.1,0.027,17.194,0.608,72.4251229614289,12.3120893040931,0,0,0,0,0,0,0,0,0,0,0,0,0,0,0,0,0,0,0
"232","FBM1882",0,0,0,44.69942574,-71.40800954,1.24902268447009,17.5,42.6,34.9,0.016,14.822,0.524,81.7361659439518,16.9016545936745,0,0,0,0,0,0,0,0,0,0,0,0,0,0,0,0,0,0,0
"233","FBM1884",0,0,0,44.69914831,-71.42989214,1.25143108262599,37.5,19.5,37.5,0.021,14.822,0.524,82.7747896440129,17.9376670163701,0,0,0,0,0,0,0,0,0,0,0,0,0,0,0,0,0,0,0
"234","FBM1903",2,0,0,44.70912954,-71.38763428,1.24694155523801,9.8,49.3,37.2,0.006,1.74,0.062,80.2925605928227,15.9767257758075,0,0,0,0,0,0,0,0,1,0,1,0,0,0,0,0,0,0,0
"235","FBM1914",0,0,0,44.72160292,-71.25482831,1.24894748080717,49,7.6,33.7,0.014,24.097,0.852,73.8534730984503,11.5695265979545,0,0,0,0,0,0,0,0,0,0,0,0,0,0,0,0,0,0,0
"236","FBM1919",0,1,0.0526315789473684,44.72092478,-71.30938915,1.23823305957044,44,10.6,36.7,0.017,8.147,0.288,75.5162281979096,13.2472497032054,0,0,0,0,0,0,0,0,0,0,0,0,0,0,0,0,0,0,0
"237","FBM1921",0,0,0,44.7210224,-71.33108159,1.23736648271336,28.9,22.4,40.3,0.014,0,0,76.4580137850694,13.2131705483111,0,0,0,0,0,0,0,0,0,0,0,0,0,0,0,0,0,0,0
"238","FBM1931",0,0,0,44.72150017,-71.44095093,1.25960544294024,55.5,10.5,29.1,0.02,13.141,0.465,82.9220737192971,18.3389260417079,0,0,0,0,0,0,0,0,0,0,0,0,0,0,0,0,0,0,0
"239","FBM1952",0,0,0,44.73191106,-71.41937795,1.26733090249295,42.3,16.9,35.2,0.009,11.401,0.403,81.9272238941203,17.5353603291725,0,0,0,0,0,0,0,NA,NA,NA,NA,NA,NA,NA,NA,NA,NA,NA,NA
"240","FBM1962",0,2,0.0526315789473684,44.74401373,-71.27613028,1.25135120777541,48.4,7,35.9,0.016,25.036,0.885,75.710346613159,11.8806495638586,0,0,0,0,0,0,0,0,0,0,0,0,0,0,0,0,0,0,0
"241","FBM1965",0,0,0,44.74320026,-71.30946242,1.24065444618343,40,9.8,42.1,0.013,7.291,0.258,76.4306422908914,13.1460785283355,0,0,0,0,0,0,0,0,0,0,NA,NA,NA,NA,NA,NA,NA,NA,NA
"242","FBM1977",0,0,0,44.74314797,-71.44144177,1.27341471015259,46.2,18.8,29.3,0.011,6.725,0.238,82.0282496844967,17.5291232372777,0,0,0,0,0,0,0,0,0,0,0,0,0,0,0,0,0,0,0
"243","FBM1999",0,0,0,44.75444501,-71.43031136,1.27730473314518,41.6,20.9,31,0.012,6.725,0.238,82.375250792829,17.1498714652956,0,0,0,0,0,0,0,0,0,0,0,0,0,0,0,0,0,0,0
"244","FBM2007",0,0,0,44.76540454,-71.26440186,1.26756761597258,39.7,7.7,35.4,0.018,32.553,1.151,72.5341251092198,10.6107827049683,0,0,0,0,0,0,0,0,0,0,0,0,0,0,0,0,0,0,0
"245","FBM2012",0,0,0,44.76483885,-71.32071736,1.2411607848936,30.2,18,39.9,0.016,8.969,0.317,74.1675187677971,13.5621984974298,0,0,0,0,0,0,0,0,0,0,0,0,0,0,0,0,0,0,0
"246","FBM2028",0,0,0,44.7762946,-71.24371336,1.29514369906582,41.7,7.8,34.3,0.013,27.84,0.985,73.6744652622723,10.0571569790431,0,0,0,0,0,0,0,0,0,0,0,0,NA,NA,NA,NA,NA,NA,NA
"247","FBM2043",0,0,0,44.77564725,-71.40931948,1.26026044203894,45.4,16.9,32.9,0.01,1.802,0.064,83.6404348951592,17.3009369070209,0,0,0,0,0,0,0,0,0,0,0,0,0,0,0,0,0,0,0
"248","FBM2045",1,0,0,44.77587358,-71.43019718,1.26406981286052,44.7,21.8,27.9,0.012,2.62,0.093,83.3652632600887,17.2041627134725,0,0,0,0,0,0,0,1,0,0,0,0,0,0,0,0,0,0,0
"249","FBM2061",0,0,0,44.97468519,-71.11160718,1.24297426982642,24.5,24.3,36.9,0.02,0,0,77.5808549885117,14.6074538076665,0,0,0,0,0,0,0,0,0,0,0,0,0,0,0,0,0,0,0
"250","FBM2067",0,0,0,44.97336597,-71.17726196,1.23936808070325,39.5,13.8,34.8,0.014,0,0,76.7929784824462,12.02749980301,0,0,0,0,0,0,0,0,0,0,0,0,0,0,0,0,0,0,0
"251","FBM2073",0,0,0,44.98552973,-71.12296365,1.24222350396717,24.9,21.4,36.8,0.027,0,0,75.9520157898143,13.5576347305389,0,0,0,0,0,0,0,0,0,0,0,0,0,0,0,0,0,0,0
"252","FBM2076",0,0,0,44.98504315,-71.15567916,1.24110946810145,33.3,18,32,0.024,0,0,75.3768327022041,13.2313268200441,0,0,0,0,0,0,0,0,0,0,0,0,0,0,0,0,0,0,0
"253","FBM2102",0,0,0,45.0078266,-71.20288946,1.246781847336,54.5,7.4,29.2,0.022,0,0,78.626864705692,15.3571822334226,0,0,0,0,0,0,0,0,0,0,0,0,0,0,0,0,0,0,0
"254","FBM2105",0,0,0,45.01968324,-71.11116059,1.23980976502829,48,9.9,31.7,0.012,9.608,0.34,74.0462120966959,11.4415638103112,0,0,0,0,0,0,0,0,0,0,NA,NA,NA,NA,NA,NA,NA,NA,NA
"255","FBM2128",2,0,0,45.03992355,-71.11923771,1.24669966923906,49.7,7.9,33.8,0.02,9.608,0.34,73.4676396349751,11.6900114132788,0,0,0,0,0,0,0,0,0,0,1,0,0,0,0,0,0,1,0
"256","FBM2133",0,0,0,45.03967972,-71.17644123,1.24966398403347,55.7,7.9,29.8,0.012,0,0,77.7751714766404,14.01661057645,0,0,0,0,0,0,0,0,0,0,0,0,0,0,0,0,0,0,0
"257","FBM2137",0,0,0,45.02997949,-71.21957749,1.24763588209246,65.7,3.6,20.6,0.019,3.148,0.111,76.9018059421322,15.5178501141463,0,0,0,0,0,0,0,0,0,0,0,0,0,0,0,0,0,0,0
"258","FBM2139",0,0,0,45.13864484,-71.12275414,1.24744156355117,12.1,39.4,41.5,0.021,0,0,75.4870068929808,13.4096132314522,0,0,0,0,0,0,0,0,0,0,0,0,0,0,0,0,0,0,0
"259","FBM2143",0,0,0,45.13928913,-71.16640504,1.27947094358611,10.2,29.1,31.2,0.023,8.536,0.302,60.8453051187472,12.0222169839118,0,0,0,0,0,0,0,0,0,0,0,0,0,0,0,0,0,0,0
"260","FBM2147",0,0,0,45.138867,-71.21080619,1.29205112252421,22.3,18.7,38.6,0.023,29.279,1.036,70.3783495145631,14.4688076998625,0,0,0,0,0,0,0,0,0,0,0,0,0,0,0,0,0,0,0
"261","FBM2151",1,0,0,45.13485062,-71.2516459,1.34053564199344,41.2,8,41.4,0.019,28.84,1.02,75.6267555498026,14.9637363716727,0,0,0,0,0,0,0,0,0,0,0,0,0,1,0,0,0,0,0
"262","FBM2154",0,0,0,45.13869906,-71.28707088,1.31395295520783,41.8,7.2,36.1,0.018,26.671,0.943,76.8748705669169,15.2885148009193,0,0,0,0,0,0,0,0,0,0,0,0,0,0,0,0,0,0,0
"263","FBM2175",1,0,0,45.14879026,-71.27714986,1.27746157609223,36,9.3,41.4,0.011,23.725,0.839,77.4525920652385,15.3345969516028,0,0,0,0,0,0,0,0,0,0,0,0,0,0,0,1,0,0,0
"264","FBM2189",0,0,0,45.16160279,-71.18817479,1.27857566623698,19.3,18,33.9,0.021,30.989,1.096,65.0012298928699,13.3694256259205,0,0,0,0,0,0,0,0,0,0,0,0,0,0,0,0,0,NA,NA
"265","FBM2193",0,0,0,45.16104548,-71.23209905,1.26085737425543,32.7,11.7,50,0.001,23.461,0.83,79.3536056447437,15.897172034564,0,0,0,0,0,0,0,0,0,0,0,0,0,0,0,0,0,0,0
"266","FBM2203",0,0,NA,45.16176043,-71.34531149,1.24931131965107,44.5,5.9,38,0.011,13.817,0.489,78.6656849736237,15.0243912018853,NA,NA,NA,NA,NA,NA,NA,NA,NA,NA,NA,NA,NA,NA,NA,NA,NA,NA,NA
"267","FBM2209",0,0,0,45.17223627,-71.1663904,1.26452128855463,15.7,26.6,29,0.028,27.753,0.982,65.987442552916,13.1264701839816,0,0,0,0,0,0,0,0,0,0,0,0,0,0,0,0,0,0,0
"268","FBM2227",0,1,0.0526315789473684,45.18301529,-71.12222959,1.24298246252069,21,24.1,38.6,0.025,11.894,0.421,77.0306825905428,15.4815483668342,0,0,0,0,0,0,0,0,0,0,0,0,0,0,0,0,0,0,0
"269","FBM2241",0,0,0,45.18245326,-71.2759531,1.24298056406496,26.5,10.7,51.6,0.008,15,0.531,78.7142718446602,15.4543902008127,0,0,0,0,0,0,0,0,0,0,0,0,0,0,0,0,0,0,0
"270","FBM2248",2,0,0,45.19425257,-71.1109153,1.23994234804235,15.9,30.6,40.2,0.02,11.894,0.421,79.059702941462,15.3359960745829,0,0,0,0,0,0,0,0,0,0,1,1,0,0,0,0,0,0,0
"271","FBM2253",0,0,0,45.1939994,-71.16667495,1.24508682257366,18.1,25,36.7,0.03,21.683,0.767,77.2747103372387,15.7643029577437,0,0,0,0,0,0,0,0,0,0,0,0,0,0,0,0,0,0,0
"272","FBM2279",0,0,0,45.20527541,-71.20964387,1.24062270883765,15.8,28,51.1,0.009,22.405,0.792,81.1133620271189,15.4737657954635,0,0,0,0,0,0,0,0,0,0,0,0,0,0,0,NA,NA,NA,NA
"273","FBM2288",0,0,0,45.2048862,-71.30940769,1.24711532831099,22.1,16.1,52.4,0.014,9.012,0.319,78.5399974111708,15.2169357844965,0,0,0,0,0,0,0,0,0,0,0,0,0,0,0,0,0,0,0
"274","FBM2295",0,0,0,45.21561532,-71.14422116,1.2402508814412,12.6,32.2,43.3,0.015,11.894,0.421,80.7329514192316,15.5062086823469,0,0,0,0,0,0,0,0,0,0,0,0,0,0,0,0,0,0,0
"275","FBM2304",0,0,0,45.21745582,-71.23928787,1.2378900711689,12,31.6,48.4,0.013,19.482,0.689,79.3945111492281,14.480934447452,0,0,0,0,0,0,0,0,0,0,0,0,0,0,0,0,0,0,0
"276","FBM2312",0,0,0,45.215578,-71.33153759,1.25027749661582,25.3,18.2,46.8,0.015,7.507,0.266,79.306738736406,15.7203586001255,0,0,0,0,0,0,0,0,0,0,0,0,0,0,0,0,0,0,0
"277","FBM2401",0,0,0,44.8341898,-71.074961,1.32291136252518,24.5,22.1,29.8,0.024,19.894,0.704,75.7327270962105,14.5753494984598,0,0,0,0,0,0,0,0,0,0,0,0,0,0,0,0,0,0,0
"278","FBM2402",0,0,0,44.8125533,-71.1188834,1.29992616835107,17,26,40.2,0.015,21.282,0.753,74.7179470584428,13.0060649163358,0,0,0,0,0,0,0,0,0,0,0,0,0,0,0,0,0,0,0
"279","FBM2403",0,0,0,44.8031687,-71.1006935,1.28858156770065,19,19,30.1,0.02,23.749,0.84,69.1940974694195,12.2864960979947,0,0,0,0,0,0,0,0,0,0,0,0,0,0,0,0,0,0,0
"280","FBM2404",0,0,0,44.7684169,-71.0964186,1.33072431213862,21.4,13.9,32.7,0.029,33.284,1.177,71.3045236862542,14.3061518997351,0,0,0,0,0,0,0,0,0,0,0,0,0,0,0,0,0,0,0
"281","FBM2405",0,0,0,44.7791052,-71.0744994,1.26866999299874,11.3,10.6,18.2,0.012,17.368,0.614,50.0319062874154,9.33557365383095,0,0,0,0,0,0,0,0,0,0,0,0,0,0,0,0,0,0,0
"282","FBM2406",0,0,0,44.7456798,-71.13168,1.3575080790772,26.4,14.7,41.2,0.037,32.033,1.133,78.1673192040123,14.7714398734177,0,0,0,0,0,0,0,0,0,0,0,0,0,0,0,0,0,0,0
"283","FBM2407",0,0,0,44.7131252,-71.1072629,1.3124044465215,15.3,23,39.5,0.027,36.739,1.299,76.4926725114037,12.9620566183307,0,0,0,0,0,0,0,0,0,0,0,0,0,0,0,0,0,0,0
"284","FBM2408",0,0,0,44.6910652,-71.0967581,1.26774291569044,22.9,23.6,34.2,0.02,27.868,0.986,77.5270668176671,13.5692027479163,0,0,0,0,0,0,0,0,0,0,0,0,0,0,0,0,0,0,0
"285","FBM2409",0,0,0,44.7018866,-71.0747911,1.31599405987478,14.5,23.8,31.1,0.022,26.658,0.943,65.4504676526748,11.9037148455281,0,0,0,0,0,0,0,0,0,0,0,0,0,0,0,0,0,0,0
"286","FBM3000",0,0,0,42.87641751,-71.14287608,2.6543332420154,21.7,7.5,22.9,0.299,106.205,3.756,65.3634716199599,15.947596026355,0,0,0,0,0,0,0,0,0,0,0,0,0,0,0,0,0,0,0
"287","HF010",11,4,0.210526315789474,43.14596132,-70.93793459,1.7688620907869,10.6,15,17.7,0.338,120.837,4.274,54.4184247993787,12.4952063698408,1,1,0,0,0,0,1,0,1,0,0,0,1,0,1,0,1,1,0
"288","HF028",1,0,0,43.14966067,-70.94455922,1.78962720149837,10.4,15.5,20.2,0.314,119.554,4.228,55.3577853999482,12.7080887877988,0,0,0,0,0,0,0,0,0,0,0,1,0,0,0,0,0,0,0
"289","HF037",0,0,0,43.15250857,-70.94265539,1.78463647021566,11.2,15.7,20.4,0.298,113.379,4.01,55.8141567142441,12.7945572705118,0,0,0,0,0,0,0,0,0,0,0,0,0,0,0,0,0,0,0
"290","HF046",3,0,0,43.15350195,-70.9338649,1.76330228941369,10.8,15.7,17.8,0.313,113.701,4.021,54.4403663786128,12.4767687434002,0,0,0,0,0,0,0,0,0,0,0,1,0,1,1,0,0,0,0
"291","HF047",1,0,0,43.14998892,-70.94914825,1.81228946447527,10.6,15.5,21.2,0.295,112.35,3.974,55.9671887134352,12.7959419936632,0,0,0,0,0,0,0,0,0,0,0,1,0,0,0,0,0,0,0
"292","KF009",0,0,0,43.17275781,-70.92813429,1.79805800874028,12.3,12.5,20.9,0.235,87.499,3.095,54.0992492395314,12.2845744680851,0,0,0,0,0,0,0,0,0,0,0,0,0,NA,NA,NA,NA,NA,NA
"293","KF012",1,0,0,43.172918,-70.93413069,1.81695333176348,12.1,13.6,22.6,0.197,76.422,2.703,56.0069577036342,12.6102754602846,0,1,0,0,0,0,0,0,0,0,0,0,0,0,0,0,0,0,0
"294","KF034",4,0,0,43.1759802,-70.92776197,1.80840671065941,12.2,11.4,21.4,0.225,80.118,2.834,53.2447903184054,12.0828021598798,0,0,0,0,0,0,1,1,0,0,0,0,1,0,0,0,0,0,0
"295","KF043",4,0,0,43.17408679,-70.94359837,1.8538029604551,12,13.4,25,0.15,66.581,2.355,57.5945377471443,12.913278252573,0,0,0,0,0,1,0,0,0,1,0,0,0,0,0,0,0,0,0
"296","KF049",0,0,0,43.16951477,-70.92592722,1.78149931669744,11.4,13.9,19.8,0.261,91.808,3.247,53.6403378203469,12.2595134630224,0,0,0,0,0,0,0,0,0,0,0,0,0,0,0,0,0,0,0
"297","MF041",0,0,0,43.14246448,-70.95702611,1.87070374195775,11.5,15.3,21.6,0.284,107.279,3.794,56.8676656202466,12.8941264876721,0,0,0,0,0,0,0,0,0,0,0,0,0,0,0,0,0,0,0
"298","ML008",0,0,0,43.12626386,-70.92669802,1.81363394784414,13.7,13.8,17.1,0.329,110.993,3.926,58.5150956217843,13.2638262424316,0,0,0,0,0,0,0,0,0,0,0,0,0,0,0,0,0,0,0
"299","ML040",0,0,0,43.1205664,-70.9259931,1.8397341067159,16.5,13.2,19.3,0.283,104.901,3.71,61.2561804297178,13.8268898685574,0,0,0,0,0,0,0,0,0,0,0,0,0,0,0,0,0,0,0
"300","TF001",0,0,0,43.11162757,-70.94825043,1.9212182047722,17.7,14.8,24.4,0.159,71.912,2.543,64.18928802589,14.6031455742502,0,0,0,0,0,0,0,0,0,0,0,0,0,0,0,0,0,0,0
"301","TF004",0,1,0.0526315789473684,43.10923042,-70.95488114,1.95808149034965,18.4,14.4,26.3,0.112,61.708,2.182,64.5677066476795,14.7364709707574,0,0,0,0,0,0,0,0,0,0,0,0,0,0,0,0,0,0,0
"302","TF005",0,0,0,43.11728532,-70.94577467,1.88444955144627,15.2,14.1,21.8,0.232,94.723,3.35,60.2994238736406,13.7833163991059,0,0,0,0,0,0,0,0,0,0,0,0,0,0,0,0,0,0,0
"303","TF013",0,0,0,43.11100996,-70.95220819,1.93846850423902,18,14.9,25.4,0.13,68.021,2.406,64.5630662697385,14.6835419884562,0,0,0,0,0,0,0,0,0,0,0,0,0,0,NA,NA,NA,NA,NA
"304","TF025",0,0,0,43.11466907,-70.94979401,1.91046203263404,16.8,14.9,23.5,0.176,78.215,2.766,62.5433509175054,14.2600020319008,0,0,0,0,0,0,0,0,0,0,0,0,0,0,0,0,0,0,0
"305","WF016",0,0,0,43.12005292,-70.94241712,1.8619361396199,14.1,13.6,20.2,0.264,98.939,3.499,58.8065236384817,13.4299705374378,0,0,0,0,0,0,0,0,0,0,0,0,0,0,0,0,0,0,0
"306","WF019",0,0,0,43.1211621,-70.9461717,1.86863963165049,13.8,13.9,20.1,0.262,102.653,3.631,58.8403986796971,13.464324895372,0,0,0,0,0,0,0,0,0,0,0,0,0,0,0,0,0,0,0
