CameraID,fisher,bobcat,latitude,longitude,perc_decid,perc_conif,perc_mixed,perc_imper,length_km,km_sqkm,percCanop,meanFH,o1,o2,o3,o4,o5,o6,o7,o8,o9,o10,o11,o12,o13,o14,o15,o16,o17,o18,o19
BD000,1,3,43.09750198,-70.99875905,12.1,17.3,26.4,0.1,55.521,1.964,60.7478640776699,14.08004553123158,0,0,0,0,0,0,0,0,0,0,0,0,0,0,0,0,0,1,0
BD002,0,1,43.10056428,-70.99956688,12.1,17.5,27.4,0.111,64.374,2.277,61.61084142394822,14.368392171209072,0,0,0,0,0,0,0,0,0,0,0,0,0,0,0,0,0,0,0
BD011,0,0,43.09685703,-70.99131259,13.2,16.7,25.7,0.09,53.241,1.883,60.26878519189697,14.003089179741483,0,0,0,0,0,0,0,0,0,0,0,0,0,0,0,0,0,0,0
BD045,0,0,43.09904548,-70.99415468,12.6,16.7,26.6,0.1,61.787,2.185,60.58205236076503,14.115535500132122,0,0,0,0,0,0,0,0,0,0,0,0,0,0,0,0,0,0,0
CA051,0,0,43.14301564,-70.93561705,11,14.9,16.8,0.352,120.969,4.278,54.751933719537845,12.553887715307118,0,0,0,0,0,0,0,0,0,0,0,0,0,0,0,0,0,0,0
CA055,0,0,43.13757816,-70.93634594,11.7,15,16.3,0.354,121.578,4.3,55.9534364483562,12.75709439557984,0,0,0,0,0,0,0,0,0,0,0,0,0,0,0,0,0,0,0
CA062,0,0,43.13630349,-70.92717882,12.4,14.4,15.9,0.368,120.012,4.245,56.50239435708277,12.92640815746176,0,0,0,0,0,0,0,0,0,0,0,0,0,0,0,0,0,0,0
CA102,0,0,43.13188721,-70.93892522,11.8,14,16.3,0.356,124.561,4.405,56.04905831337778,12.74533303540596,0,0,0,0,0,0,0,0,0,0,0,0,0,0,0,0,0,0,0
CW015,1,0,43.13133643,-70.94409786,11.6,13.9,17.1,0.341,121.244,4.288,56.32356939409632,12.795624885747364,0,1,0,0,0,0,0,0,0,0,0,0,0,0,0,0,0,0,0
CW023,0,0,43.13231441,-70.94972447,11.9,13.9,18.8,0.316,114.491,4.049,56.543201087308255,12.88147711807601,0,0,0,0,0,0,0,0,0,0,0,0,0,0,0,0,0,0,0
CW036,0,0,43.12968995,-70.93932822,11.9,13.5,16.1,0.348,122.155,4.32,55.71873280911238,12.674527726995734,0,0,0,0,0,0,0,0,0,0,0,0,0,0,0,0,0,0,0
CW039,0,1,43.1386505,-70.9500879,11.8,14.1,19.1,0.32,116.415,4.117,56.1330506828921,12.739057136473503,0,0,0,0,0,0,0,0,0,0,0,0,0,0,0,0,0,0,0
CW042,0,0,43.1356087,-70.9467537,11.6,14.3,18.6,0.33,116.042,4.104,56.25020224573666,12.755245039299714,0,0,0,0,0,0,0,0,0,0,0,0,0,0,0,0,0,0,0
CW048,0,0,43.1349196,-70.9405402,11.7,14.8,17.1,0.352,121.107,4.283,56.61698271956508,12.863097172570686,0,0,0,0,0,0,0,0,0,0,0,0,0,0,0,0,0,0,0
DL020,0,0,43.10879336,-70.99861312,12.3,16.9,29.1,0.123,66.546,2.354,63.131613863629006,14.688485612095594,0,0,0,0,0,0,0,0,0,0,0,0,0,0,0,0,0,0,0
DP038,0,0,43.10295936,-70.97487135,15.8,16.7,26.5,0.09,55.613,1.967,62.91575506505276,14.47022478761026,0,0,0,0,0,0,0,0,0,0,0,0,0,0,0,0,0,0,0
EF003,0,0,43.1185507,-70.9322307,15.8,14.2,20.6,0.259,100.232,3.545,61.542703647367226,13.881433767500456,0,0,0,0,0,0,0,0,0,0,0,0,0,0,0,0,0,0,0
EF017,0,0,43.11940758,-70.93534984,14.6,13.9,20.4,0.267,98.356,3.479,60.131443549169994,13.606095702529716,0,0,0,0,0,0,0,0,0,0,0,0,0,0,0,0,0,0,0
FBM0002,1,0,42.7623679,-71.4891155,2.3,3.9,0.8,0.873,309.884,10.96,28.84758761285312,7.609498896427696,0,0,0,0,0,0,0,0,0,0,0,0,0,0,0,1,0,0,0
FBM0004,0,1,42.8593204,-71.136116,26.1,6.8,20.6,0.31,100.73,3.563,64.49668316991878,15.592662871600252,0,0,0,0,0,0,0,0,0,0,0,0,0,0,0,0,0,0,0
FBM0007,0,0,42.8606368,-71.5058631,8,15.8,9.8,0.456,164.3,5.811,48.931693900663326,12.547698710625102,0,0,0,0,0,0,0,0,0,0,0,0,0,0,0,0,0,0,0
FBM0008,0,0,42.7879127,-71.5485786,14.1,18.6,10.9,0.35,91.444,3.234,54.83919093851133,13.554752129419697,0,0,0,0,0,0,0,0,0,0,0,0,0,0,0,0,0,0,0
FBM0010,0,1,43.10004,-71.3486,16.5,16.7,46.5,0.034,30.115,1.065,75.2223408730544,16.59335500914448,0,0,0,0,0,0,0,0,0,0,0,0,0,0,0,0,0,0,0
FBM0011,2,0,43.04331,-71.229,10.8,15.7,36.5,0.156,71.282,2.521,63.88819855677443,14.170507943611549,0,1,1,0,0,0,0,0,0,0,0,0,0,0,0,0,0,0,0
FBM0014,1,0,43.06503,-71.3984,22.3,11.4,31.8,0.135,52.443,1.855,67.57836315976829,15.190147863404317,1,0,0,0,0,0,0,0,0,0,0,0,0,0,0,0,0,0,0
FBM0015,0,2,43.0979913,-71.1941927,14.5,27.6,39.6,0.035,28.998,1.026,76.58204414525213,16.513660202463715,0,0,0,0,0,0,0,0,0,0,0,0,0,0,0,0,0,0,0
FBM0016,0,2,43.0940943,-70.8428065,9,10.4,8.6,0.247,76.265,2.697,32.057734627831714,6.981117886178862,0,0,0,0,0,0,0,0,0,0,0,0,0,0,0,0,0,0,0
FBM0017,0,0,42.98387,-71.394,8.7,10.7,7.7,0.414,144.162,5.099,38.4634027957546,9.284248248900472,0,0,0,0,0,0,0,0,0,0,0,0,0,0,0,0,0,0,0
FBM0018,2,5,42.8929869,-71.4743349,8.3,16.3,8.4,0.479,166.015,5.872,45.2195145631068,12.15659800122374,0,0,0,0,0,0,0,0,0,0,0,0,0,1,1,0,0,0,0
FBM0022,0,1,43.1239983,-70.9430329,13.1,14.1,18.4,0.295,114.425,4.047,57.817543519057786,13.214454061522208,0,0,0,0,0,0,0,0,0,0,0,0,0,0,0,0,0,0,0
FBM0024,0,0,43.0849523,-70.8360915,7.7,8,7.6,0.331,77.03,2.724,29.496277835318487,6.530483218474926,0,0,0,0,0,0,0,0,0,0,0,0,0,0,0,0,0,0,0
FBM0025,0,3,43.1634137,-71.2938363,20.4,12.9,49.8,0.038,27.094,0.958,72.5453957160422,16.836602103382468,0,0,0,0,0,0,0,0,0,0,0,0,0,0,0,0,0,0,0
FBM0027,0,0,43.2003215,-71.3089904,24.6,9.3,44.8,0.061,39.586,1.4,70.01135922330097,16.089890832352584,0,0,0,0,0,0,0,0,0,0,0,0,0,0,0,0,0,0,0
FBM0029,1,0,43.0451717,-70.7645146,4.7,8.1,8.9,0.393,112.882,3.992,51.193095415278094,10.181354001383294,0,0,0,1,0,0,0,0,0,0,0,0,0,0,0,0,0,0,0
FBM0031,2,0,43.13435,-71.4024,16.7,16.9,39.6,0.075,39.98,1.414,69.55938126982072,14.410049149031236,0,1,1,0,0,0,0,0,0,0,0,0,0,0,0,0,0,0,0
FBM0034,0,1,43.1188314,-71.1679479,17.8,21.6,39.5,0.021,24.747,0.875,75.65833926606692,16.481205299089726,0,0,0,0,0,0,0,0,0,0,0,0,0,0,0,0,0,0,0
FBM0039,0,1,43.05801,-70.8729,6.8,4.3,9.9,0.125,44.663,1.58,25.731458710846493,6.115854774738128,0,0,0,0,0,0,0,0,0,0,0,0,0,0,0,0,0,0,0
FBM0041,0,2,42.9286276,-71.4717987,7,13.8,7.6,0.597,162.062,5.732,41.32681790233326,10.807906265919511,0,0,0,0,0,0,0,0,0,0,0,0,0,0,0,0,0,0,0
FBM0042,1,2,42.9336074,-71.2091562,11.3,15,34.8,0.173,85.099,3.01,61.763698740978086,15.160641506358004,1,0,0,0,0,0,0,0,0,0,0,0,0,0,0,0,0,0,0
FBM0045,3,1,43.1772288,-71.2162261,14.4,25.1,44.7,0.044,39.504,1.397,76.0252459865355,16.25442549736094,0,0,0,0,0,0,1,0,0,0,0,1,0,0,1,0,0,0,0
FBM0049,2,1,43.0793579,-71.28925424,13.1,13.9,50.2,0.074,40.418,1.43,69.04591935797036,16.055207613160356,0,0,0,0,0,0,0,0,1,0,0,0,0,0,0,0,0,1,0
FBM0052,7,0,42.824021,-71.5289557,19.7,15.4,13.4,0.402,130.984,4.633,59.18180053070999,15.183778045444338,0,0,0,1,0,0,0,0,1,1,1,0,0,0,0,0,0,1,0
FBM0054,0,2,43.1342058,-71.2839248,16.6,12.3,51.1,0.064,41.592,1.471,69.36839891276209,15.994596351521553,0,0,0,0,0,0,0,0,0,0,0,0,0,0,0,0,0,0,0
FBM0055,1,1,42.8634378,-71.2492706,31.7,6.8,22.3,0.191,78.597,2.78,64.29045723716143,15.905340895181364,0,0,0,0,0,0,0,0,0,0,0,0,0,0,1,0,0,0,0
FBM0059,1,0,42.98758,-70.8105,6.4,17.7,12.9,0.273,71.98,2.546,62.298783250275065,13.496375631210295,0,0,1,0,0,0,0,0,0,0,0,0,0,0,0,0,0,0,0
FBM0063,0,0,43.1804967,-71.1594192,20.6,10.5,41.5,0.086,49.908,1.765,68.9537291700372,15.09485821001563,0,0,0,0,0,0,0,0,0,0,0,0,0,0,0,0,0,0,0
FBM0071,0,0,43.0141863,-71.4571351,8.9,3.5,1.7,0.786,297.133,10.509,36.91534802446365,8.39934456928839,0,0,0,0,0,0,0,0,0,0,0,0,0,0,0,0,0,0,0
FBM0072,0,1,43.0531709,-70.7909818,4.4,4.2,5.5,0.564,154.807,5.475,40.37908940879526,7.883905871824598,0,0,0,0,0,0,0,0,0,0,0,0,0,0,0,0,0,0,0
FBM0073,0,2,42.8259726,-71.1140757,22.4,4.1,11.2,0.457,94.487,3.342,56.734845787889576,14.428734740538117,0,0,0,0,0,0,0,0,0,0,0,0,0,0,0,0,0,0,0
FBM0074,0,0,42.7650016,-71.4080138,19.2,7.3,11,0.48,139.02,4.917,54.37630233611596,13.515089597678838,0,0,0,0,0,0,0,0,0,0,0,0,0,0,0,0,0,0,0
FBM0075,2,0,43.210869,-71.1980886,12.2,17.6,43.6,0.085,50.745,1.795,68.7848035725843,15.166128999533344,0,0,1,0,0,0,0,0,0,0,0,0,1,0,0,0,0,0,0
FBM0077,0,0,42.8851814,-71.234848,25.3,9.1,23.5,0.184,84.777,2.998,64.11892434146657,15.926194069421218,0,0,0,0,0,0,0,0,0,0,0,0,0,0,0,0,0,0,0
FBM0078,0,1,42.96773,-71.3939,11.9,10.3,9.7,0.405,123.498,4.368,44.378984498883526,10.900765846504807,0,0,0,0,0,0,0,0,0,0,0,0,0,0,0,0,0,0,0
FBM0079,0,0,43.13772,-70.9535,12.2,13.9,20.2,0.307,116.362,4.116,56.5694269164806,12.848618447785451,0,0,0,0,0,0,0,0,0,0,0,0,0,0,0,0,0,0,0
FBM0082,0,0,42.870277,-71.548163,8,27.3,20.1,0.264,110.216,3.898,62.00330075723255,16.096788672624147,0,0,0,0,0,0,0,0,0,0,0,0,0,0,0,0,0,0,0
FBM0085,0,1,42.7718179,-71.2124871,6.2,2.7,3.4,0.677,172.824,6.112,43.41776166742184,10.682418076325895,0,0,0,0,0,0,0,0,0,0,0,0,0,0,0,0,0,0,0
FBM0086,1,0,42.87481,-71.4084,17.1,15.1,17.9,0.281,85.468,3.023,60.23149616492443,15.30901340077916,1,0,0,0,0,0,0,0,0,0,0,0,0,0,0,0,0,0,0
FBM0090,1,1,42.90133694,-71.28126986,22.1,7.1,18.8,0.325,106.192,3.756,56.2052227939035,14.276890764870211,0,0,0,0,0,0,0,0,0,0,0,0,0,0,0,0,0,1,0
FBM0091,0,1,42.8140099,-71.2365873,19.6,3.3,11.7,0.44,139.734,4.942,53.001747403164735,13.294855042874644,0,0,0,0,0,0,0,0,0,0,0,0,0,0,0,0,0,0,0
FBM0093,0,1,42.98943,-70.9786,14.1,9,16,0.318,109.016,3.856,57.86384080245915,13.381655298788557,0,0,0,0,0,0,0,0,0,0,0,0,0,0,0,0,0,0,0
FBM0096,1,0,42.7304,-71.4038,25,9,12.8,0.373,96.448,3.411,57.48077918716024,14.410423652572176,0,0,0,0,1,0,0,0,0,0,0,0,0,0,0,0,0,0,0
FBM0100,0,0,43.1878892,-70.872955,7.2,7.4,8.4,0.583,174.172,6.16,39.26054309479885,9.257406655844155,0,0,0,0,0,0,0,0,0,0,0,0,0,0,0,0,0,0,0
FBM0102,1,0,42.87731126,-71.1446416,21,7.2,22.3,0.308,106.221,3.757,64.36121537665028,15.747960681947957,0,0,0,0,0,0,0,0,0,0,0,0,0,0,0,0,0,0,0
FBM0103,3,0,42.7506858,-71.5029224,4.2,5.7,2.9,0.752,267.549,9.463,33.818208298271735,9.244671067421471,0,0,0,0,0,0,0,0,0,0,0,0,0,0,1,1,0,0,1
FBM0126,0,3,42.77186728,-71.95549149,5.2,22.8,38.7,0.063,46.687,1.651,70.3575173127953,16.236378123276197,0,0,0,0,0,0,0,0,0,0,0,0,0,0,0,0,0,0,0
FBM0139,0,2,42.77833367,-72.08635685,7.2,15.5,39.9,0.078,52.037,1.84,64.81690186431901,14.958793004821445,0,0,0,0,0,0,0,0,0,0,0,0,0,0,0,0,0,0,0
FBM0141,0,6,42.78025005,-72.11671277,9.8,16.1,38.1,0.077,55.802,1.974,66.82734627831715,15.582851539357293,0,0,0,0,0,0,0,0,0,0,0,0,0,0,0,0,0,0,0
FBM0145,0,1,42.77805592,-72.15215881,12.7,18,33.2,0.095,70.16,2.481,66.81854956150286,15.255459541173828,0,0,0,0,0,0,0,0,0,0,0,0,0,0,0,0,0,0,0
FBM0149,0,3,42.77765646,-72.18633107,19.3,15.5,44.8,0.067,44.185,1.563,75.18213592233009,17.86591767950158,0,0,0,0,0,0,0,0,0,0,0,0,0,0,0,0,0,0,0
FBM0160,0,2,42.78994653,-71.95635217,4,29.7,33.3,0.057,42.447,1.501,71.56408762903278,16.37586552012909,0,0,0,0,0,0,0,0,0,0,0,0,0,0,0,0,0,0,0
FBM0178,0,0,42.79250767,-72.08815168,9,11.5,44.8,0.076,52.132,1.844,67.66859731435044,15.830545513959525,0,0,0,0,0,0,0,0,0,0,0,0,0,0,0,0,0,0,0
FBM0190,0,0,42.78725701,-72.18728137,21.2,14,47.6,0.055,38.579,1.364,75.92696501957738,18.16495077011072,0,0,0,0,0,0,0,0,0,0,0,0,0,0,0,0,0,0,0
FBM0196,0,0,42.80796572,-71.95714911,4.3,31.5,39.6,0.046,35.492,1.255,73.50619600737697,16.75504246284501,0,0,0,0,0,0,0,0,0,0,0,0,0,0,0,0,0,0,0
FBM0220,0,0,42.81298984,-72.10442182,21,8.4,43.6,0.05,41.454,1.466,72.85135091409157,17.438538816514885,0,0,0,0,0,0,0,0,0,0,0,0,0,0,0,0,0,0,0
FBM0221,0,2,42.81675213,-71.91701637,12.2,22.8,49.6,0.033,31.713,1.122,79.06851354412765,18.506461953081928,0,0,0,0,0,0,0,0,0,0,0,0,0,0,0,0,0,0,0
FBM0229,0,1,42.82030696,-71.89027972,24.7,9.7,52.6,0.044,34.36,1.215,77.91511052137609,18.301565913313325,0,0,0,0,0,0,0,0,0,0,0,0,0,0,0,0,0,0,0
FBM0244,0,0,42.82743416,-71.89820964,22.4,12.9,51.8,0.033,37.134,1.313,78.68891981101545,18.382771504992135,0,0,0,0,0,0,0,0,0,0,0,0,0,0,0,0,0,0,0
FBM0245,0,1,42.82095753,-72.12839426,25.8,9.1,41.9,0.055,45.452,1.608,74.26666666666665,17.52953664013064,0,0,0,0,0,0,0,0,0,0,0,0,0,0,0,0,0,0,0
FBM0247,0,1,42.82134276,-72.14023443,24.4,11.7,41.2,0.073,47.903,1.694,74.1200168263008,17.535453320814792,0,0,0,0,0,0,0,0,0,0,0,0,0,0,0,0,0,0,0
FBM0264,0,0,42.83678933,-71.88531384,27.6,9.5,50.3,0.039,33.42,1.182,77.35334282570707,18.259522351500305,0,0,0,0,0,0,0,0,0,0,0,0,0,0,0,0,0,0,0
FBM0278,0,0,42.84590952,-71.92309069,10.3,22.3,47.1,0.051,39.456,1.395,72.79091291543963,17.194379821231788,0,0,0,0,0,0,0,0,0,0,0,0,0,0,0,0,0,0,0
FBM0283,0,0,42.8456604,-71.88554417,26.5,10.7,52.8,0.036,29.33,1.037,78.51804031971007,18.517293447874792,0,0,0,0,0,0,0,0,0,0,0,0,0,0,0,0,0,0,0
FBM0287,0,0,42.83922638,-72.11665794,39.3,10.6,33.6,0.037,27.535,0.974,76.20688539442179,17.913078084819787,0,0,0,0,0,0,0,0,0,0,0,0,0,0,0,0,0,0,0
FBM0306,0,0,42.9407533,-72.0240912,20.2,13.6,43.5,0.046,42.445,1.501,75.74766173662577,17.70440097799511,0,0,0,0,0,0,0,0,0,0,0,0,0,0,0,0,0,0,0
FBM0320,0,3,42.9483599,-72.0734421,29.4,5.8,44.2,0.063,53.764,1.902,75.87167125060668,17.968276283618582,0,0,0,0,0,0,0,0,0,0,0,0,0,0,0,0,0,0,0
FBM0328,0,3,42.95641417,-72.05286909,32,9,46.2,0.034,35.812,1.267,79.92709445684885,18.89603113157573,0,0,0,0,0,0,0,0,0,0,0,0,0,0,0,0,0,0,0
FBM0336,0,2,42.967916,-72.0274822,29.7,12.2,45.8,0.041,44.837,1.586,79.75168263008025,19.17133429741125,0,0,0,0,0,0,0,0,0,0,0,0,0,0,0,0,0,0,0
FBM0354,0,1,42.9812558,-72.0012259,20.7,14.3,43.9,0.075,59.874,2.118,73.21684251407859,17.74101906158358,0,0,0,0,0,0,0,0,0,0,0,0,0,0,0,0,0,0,0
FBM0356,0,0,42.986285,-72.0270869,24.3,10.7,44.9,0.045,51.065,1.806,73.69100850939917,17.727278279990227,0,0,0,0,0,0,0,0,0,0,0,0,0,0,0,0,0,0,0
FBM0358,0,1,42.9829791,-72.0464972,28.9,9.3,40.4,0.036,40.212,1.422,71.36050877079423,17.06623366046341,0,0,0,0,0,0,0,0,0,0,0,0,0,0,0,0,0,0,0
FBM0362,0,1,42.99736219,-71.97922066,16.6,19.6,42.9,0.069,61.163,2.163,72.5511003236246,17.459699912457502,0,0,0,0,0,0,0,0,0,0,0,0,0,0,0,0,0,0,0
FBM0373,0,0,43.0101139,-71.9963393,21.9,15,46.4,0.036,44.308,1.567,74.98608324163376,18.020757865602995,0,0,0,0,0,0,0,0,0,0,0,0,0,0,0,0,0,0,0
FBM0377,0,3,43.0039257,-72.0411061,29.1,9.7,39.8,0.032,33.368,1.18,73.17247516422354,17.2933298052067,0,0,0,0,0,0,0,0,0,0,0,0,0,0,0,0,0,0,0
FBM0400,0,1,43.0198959,-72.0832235,32.3,7.3,44.6,0.03,18.46,0.653,78.24960362400905,18.526501119478933,0,0,0,0,0,0,0,0,0,0,0,0,0,0,0,0,0,0,0
FBM0411,0,0,43.12040948,-72.03606048,21.5,10.3,46.3,0.041,32.375,1.145,77.02362230204187,17.741181729518857,0,0,0,0,0,0,0,0,0,0,0,0,0,0,0,0,0,0,0
FBM0412,0,0,43.12080855,-72.04485838,22,9.5,46.1,0.045,33.496,1.185,76.57000485358357,17.47678364593282,0,0,0,0,0,0,0,0,0,0,0,0,0,0,0,0,0,0,0
FBM0414,1,2,43.12165799,-72.07052162,32.3,6.6,37.8,0.057,37.219,1.316,74.54173274215994,17.19373450895941,0,0,0,0,0,0,0,0,0,0,0,0,0,0,0,0,0,0,0
FBM0423,0,1,43.1289661,-72.07114628,31.4,6.3,39.3,0.062,40.546,1.434,74.63494272215392,17.139427178549663,0,0,0,0,0,0,0,0,0,0,0,0,0,0,0,0,0,0,0
FBM0433,0,0,43.15055131,-71.97722893,11.9,20.3,43.5,0.06,47.434,1.678,69.86366578215002,16.611696618946088,0,0,0,0,0,0,0,0,0,0,0,0,0,0,0,0,0,0,0
FBM0481,0,3,43.19421335,-71.96125193,29.6,15.9,43.7,0.009,16.323,0.577,81.68393631480163,19.051122295734057,0,0,0,0,0,0,0,0,0,0,0,0,0,0,0,0,0,0,0
FBM0489,0,2,43.19193723,-72.06222347,23.8,15.5,42.1,0.041,25.358,0.897,75.91818505453251,17.239456914397046,0,0,0,0,0,0,0,0,0,0,0,0,0,0,0,0,0,0,0
FBM0492,0,1,43.29458786,-71.229963,8.4,16.7,48.1,0.059,46.499,1.645,67.7507523054522,15.266746363010093,0,0,0,0,0,0,0,0,0,0,0,0,0,0,0,0,0,0,0
FBM0495,0,2,43.29189427,-71.18877341,12.4,26.4,45.6,0.037,37.847,1.339,73.66744336569579,15.611523033912729,0,0,0,0,0,0,0,0,0,0,0,0,0,0,0,0,0,0,0
FBM0500,0,1,43.28841628,-71.12541642,13.3,17.8,46.7,0.05,40.936,1.448,72.49215388099782,15.226389479869512,0,0,0,0,0,0,0,0,0,0,0,0,0,0,0,0,0,0,0
FBM0506,0,0,43.3026884,-71.1799989,5.9,40.2,35.7,0.047,45.711,1.617,74.27175355143514,15.266233108450333,0,0,0,0,0,0,0,0,0,0,0,0,0,0,0,0,0,0,0
FBM0507,0,1,43.3033961,-71.1669281,8.1,40.5,35.5,0.041,38.532,1.363,76.73757442402278,15.767921891141857,0,0,0,0,0,0,0,0,0,0,0,0,0,0,0,0,0,0,0
FBM0516,0,0,43.31128187,-71.16803616,6.4,45.1,31.7,0.039,41.289,1.46,77.03410561739582,15.721103593566422,0,0,0,0,0,0,0,0,0,0,0,0,0,0,0,0,0,0,0
FBM0524,0,0,43.32071408,-71.18032336,2.4,50.5,25.7,0.046,37.619,1.331,74.97365695792878,15.11557157903265,0,0,0,0,0,0,0,0,0,0,0,0,0,0,0,0,0,0,0
FBM0527,0,0,43.32122119,-71.14350434,11,34.1,39.6,0.026,27.632,0.977,79.26423093103784,16.488445101573735,0,0,0,0,0,0,0,0,0,0,0,0,0,0,0,0,0,0,0
FBM0535,1,1,43.3294478,-71.15494263,6,44.4,31.9,0.025,30.762,1.088,78.74349598757442,15.989004313225198,0,0,0,0,0,0,0,0,0,0,0,0,0,1,0,0,0,0,0
FBM0559,0,2,43.35614312,-71.19363986,9.9,22.2,46,0.065,37.554,1.328,74.14915374906961,16.0680764949914,0,0,0,0,0,0,0,0,0,0,0,0,0,0,0,0,0,0,0
FBM0581,0,0,43.38230769,-71.61595065,20.7,15.2,40.2,0.075,58.13,2.056,68.51244457390685,15.433808059556563,0,0,0,0,0,0,0,0,0,0,0,0,0,0,0,0,0,0,0
FBM0586,0,0,43.3824507,-71.6768732,28.8,13.9,37.1,0.038,40.909,1.447,69.70477053530973,16.565373098089996,0,0,0,0,0,0,0,0,0,0,0,0,0,0,0,0,0,0,0
FBM0597,0,3,43.3901887,-71.6912335,30.9,10,38.2,0.051,43.302,1.532,71.58554505437597,16.803058809249258,0,0,0,0,0,0,0,0,0,0,0,0,0,0,0,0,0,0,0
FBM0617,0,1,43.4026308,-71.6875491,32.6,10.7,35.6,0.048,45.41,1.606,72.145326255826,16.870157978841757,0,0,0,0,0,0,0,0,0,0,0,0,0,0,0,0,0,0,0
FBM0633,0,0,43.41018259,-71.64220753,23.8,9.8,33.5,0.121,57.654,2.039,59.82865741190176,14.179032943032215,0,0,0,0,0,0,0,0,0,0,0,0,0,0,0,0,0,0,0
FBM0641,0,1,43.3941793,-72.2190635,23.4,29.1,25.6,0.074,44.473,1.573,71.40082845215365,17.050450085971477,0,0,0,0,0,0,0,0,0,0,0,0,0,0,0,0,0,0,0
FBM0654,0,0,43.41835598,-71.65048677,27.8,8.1,30.8,0.154,70.446,2.492,60.492444099278394,14.366058792608468,0,0,0,0,0,0,0,0,0,0,0,0,0,0,0,0,0,0,0
FBM0662,0,0,43.4034259,-72.2329868,33.8,19.1,29,0.066,46.236,1.635,74.54327778676588,17.70489847099749,0,0,0,0,0,0,0,0,0,0,0,0,0,0,0,0,0,0,0
FBM0677,0,0,43.43133558,-71.69076383,33.1,10.4,32.6,0.087,47.404,1.677,70.89501957865441,16.760154465134146,0,0,0,0,0,0,0,0,0,0,0,0,0,0,0,0,0,0,0
FBM0682,0,0,43.4138215,-72.2317725,28.6,23.7,29.3,0.06,37.182,1.315,74.52126075982137,17.015105556903663,0,0,0,0,0,0,0,0,0,0,0,0,0,0,0,0,0,0,0
FBM0700,0,1,43.4222671,-72.2092435,19.6,30.4,28.1,0.061,36.319,1.285,71.04610606011583,15.93776411832501,0,0,0,0,0,0,0,0,0,0,0,0,0,0,0,0,0,0,0
FBM0704,0,0,43.4195441,-72.2542979,32.7,22.6,31.2,0.034,25.901,0.916,77.80257580170213,17.47655254696568,0,0,0,0,0,0,0,0,0,0,0,0,0,0,0,0,0,0,0
FBM0713,1,0,43.44528253,-71.6383642,13.5,8.8,29.3,0.341,117.277,4.148,51.53145631067961,12.093271893126376,0,0,0,0,0,0,0,0,0,0,0,0,0,0,0,1,0,0,0
FBM0716,0,1,43.44540838,-71.67884141,30.6,7.8,28.4,0.184,81.481,2.882,62.83984855349169,14.789968271931777,0,0,0,0,0,0,0,0,0,0,0,0,0,0,0,0,0,0,0
FBM0721,0,0,43.4305623,-72.2234958,20.3,31.8,27.9,0.045,21.94,0.776,73.56125024267133,15.754215357243943,0,0,0,0,0,0,0,0,0,0,0,0,0,0,0,0,0,0,0
FBM0722,0,0,43.429315,-72.2348377,22.2,32.6,27.2,0.042,29.64,1.048,74.68459198861062,16.030524783698553,0,0,0,0,0,0,0,0,0,0,0,0,0,0,0,0,0,0,0
FBM0728,0,0,43.4265529,-72.3092036,20.7,34.9,31.3,0.048,36.319,1.285,76.34399068021489,18.09602086618949,0,0,0,0,0,0,0,0,0,0,0,0,0,0,0,0,0,0,0
FBM0748,0,1,43.4341524,-72.3082993,21.8,34.3,31.7,0.045,31.743,1.123,77.37790001617861,18.49693735217417,0,0,0,0,0,0,0,0,0,0,0,0,0,0,0,0,0,0,0
FBM0752,0,2,43.46812694,-71.44597152,9.6,14.7,47.2,0.108,57.208,2.023,66.26697520875138,15.569111111111107,0,0,0,0,0,0,0,0,0,0,0,0,0,0,0,0,0,0,0
FBM0756,0,1,43.47065758,-71.39582198,29.1,5.4,46,0.072,47.496,1.68,73.2964856643583,16.96797915109396,0,0,0,0,0,0,0,0,0,0,0,0,0,0,0,0,0,0,0
FBM0784,0,0,43.4636253,-72.0014295,26.7,28.1,34.4,0.016,14.239,0.504,77.47849444965857,17.32005980160414,0,0,0,0,0,0,0,0,0,0,0,0,0,0,0,0,0,0,0
FBM0806,0,5,43.48718785,-71.39616973,28.9,7.3,52.6,0.044,34.471,1.219,77.68331121970162,17.9170520873306,0,0,0,0,0,0,0,0,0,0,0,0,0,0,0,0,0,0,0
FBM0831,0,0,43.4809782,-72.0149067,25.8,25.3,34.4,0.034,25.439,0.9,76.8234475617254,16.612999656628087,0,0,0,0,0,0,0,0,0,0,0,0,0,0,0,0,0,0,0
FBM0849,0,0,43.4916986,-71.977783,31.2,19.5,35.4,0.024,23.115,0.818,77.43555800103573,17.48823541292186,0,0,0,0,0,0,0,0,0,0,0,0,0,0,0,0,0,0,0
FBM0862,0,4,43.51270479,-71.41063068,17.1,11.4,51.1,0.118,49.717,1.758,70.47416108468434,15.996265116185167,0,0,0,0,0,0,0,0,0,0,0,0,0,0,0,0,0,0,0
FBM0864,0,3,43.51471183,-71.38530549,19.5,13.3,54.2,0.082,34.356,1.215,77.56360223926478,17.036905434870388,0,0,0,0,0,0,0,0,0,0,0,0,0,0,0,0,0,0,0
FBM0870,0,2,43.4995259,-72.0156027,27,21.4,37.4,0.044,33.374,1.18,77.6447572815534,16.811066235864295,0,0,0,0,0,0,0,0,0,0,0,0,0,0,0,0,0,0,0
FBM0871,0,0,43.500984,-71.9663559,25.3,24.1,38.1,0.033,33.499,1.185,79.28646322125498,17.52665589660743,0,0,0,0,0,0,0,0,0,0,0,0,0,0,0,0,0,0,0
FBM0881,0,2,43.52323214,-71.42355563,12.1,9.4,40.5,0.28,92.805,3.282,60.87177993527508,14.119044735142118,0,0,0,0,0,0,0,0,0,0,0,0,0,0,0,0,0,0,0
FBM0883,0,0,43.52334993,-71.39702561,13.3,15.2,50,0.132,45.474,1.608,72.21077669902913,15.760051671241724,0,0,0,0,0,0,0,0,0,0,0,0,0,0,0,0,0,0,0
FBM0886,0,4,43.51601116,-71.36116561,20.7,15.8,52.2,0.069,21.84,0.772,78.14916680148843,16.670408431083565,0,0,0,0,0,0,0,0,0,0,0,0,0,0,0,0,0,0,0
FBM0908,0,3,43.52041444,-71.9906975,32,20.1,40.5,0.026,21.485,0.76,81.91527782272419,17.97708922083165,0,0,0,0,0,0,0,0,0,0,0,0,0,0,0,0,0,0,0
FBM0912,0,2,43.5166899,-72.0265664,24,22.6,40,0.048,30.911,1.093,78.94926387315968,17.264862027897212,0,0,0,0,0,0,0,0,0,0,0,0,0,0,0,0,0,0,0
FBM0923,1,2,43.54205388,-71.39794808,13.2,16,43.2,0.186,62.66,2.216,67.62652513026312,15.051566158068944,0,0,0,0,0,0,0,0,0,0,0,0,0,0,0,1,0,0,0
FBM0936,0,0,43.5245867,-72.0770173,10.8,24.9,34.1,0.093,62.946,2.226,72.26050936862883,15.07198368961828,0,0,0,0,0,0,0,0,0,0,0,0,0,0,0,0,0,0,0
FBM0943,0,0,43.55037051,-71.40052602,11.2,13.4,40,0.248,79.807,2.823,62.809603934765725,14.115695809204816,0,0,0,0,0,0,0,0,0,0,0,0,0,0,0,0,0,0,0
FBM0964,0,0,43.543811,-72.0555377,12.8,25.8,39,0.038,24.739,0.875,74.28250598666753,15.735279874086928,0,0,0,0,0,0,0,0,0,0,0,0,0,0,0,0,0,0,0
FBM0971,0,1,43.64689063,-71.18315041,16.8,12.4,55.4,0.057,40.251,1.424,74.82254150082515,16.304108761329307,0,0,0,0,0,0,0,0,0,0,0,0,0,0,0,0,0,0,0
FBM0984,0,0,43.65723296,-71.13103583,19.3,11.8,53.4,0.051,37.648,1.332,74.66661274145012,16.13877419484783,0,0,0,0,0,0,0,0,0,0,0,0,0,0,0,0,0,0,0
FBM0989,0,0,43.6616305,-71.19021713,13.7,13.4,54.3,0.061,45.643,1.614,72.13896889866987,15.69034623053838,0,0,0,0,0,0,0,0,0,0,0,0,0,0,0,0,0,0,0
FBM0997,1,0,43.64508087,-71.94582933,39.4,21.3,29.8,0.037,21.536,0.762,79.22515613370871,17.270082990895173,0,0,0,0,0,0,0,0,0,0,0,1,0,0,0,0,0,0,0
FBM1000,0,1,43.64560473,-71.91551314,44.1,22.1,29.5,0.011,8.538,0.302,81.2930365001294,18.146949217412324,0,0,0,0,0,0,0,0,0,0,0,0,0,0,0,0,0,0,0
FBM1014,0,1,43.67380149,-71.13088086,15.1,10.7,53.1,0.07,49.905,1.765,69.7369494158387,14.931659384249844,0,0,0,0,0,0,0,0,0,0,0,0,0,0,0,0,0,0,0
FBM1019,0,0,43.65357844,-71.92617017,39.6,25,29.3,0.025,13.82,0.489,80.78744133354908,17.79245891073155,0,0,0,0,0,0,0,0,0,0,0,0,0,0,0,0,0,0,0
FBM1052,0,5,43.68998711,-71.15518238,11.6,9.8,56.2,0.061,46.647,1.65,69.08825813968542,14.60943791270736,0,0,0,0,0,0,0,0,0,0,0,0,0,0,0,0,0,0,0
FBM1059,0,0,43.67265485,-71.92548535,34.9,24.4,35.1,0.024,4.97,0.176,81.09336871743423,18.1343025128866,0,0,0,0,0,0,0,0,0,0,0,0,0,0,0,0,0,0,0
FBM1061,1,3,43.6745283,-71.90676962,36.3,24.2,35.2,0.018,2.133,0.075,81.59304207119743,18.67284149484536,0,0,0,0,0,0,0,0,0,0,0,0,0,0,0,0,0,0,1
FBM1070,0,0,43.70024028,-71.18492224,11.8,8.4,60.3,0.054,42.859,1.516,71.57039290568969,16.09362293168002,0,0,0,0,0,0,0,0,0,0,0,0,0,0,0,0,0,0,0
FBM1078,0,2,43.68096876,-71.9365432,33.8,20.3,40.1,0.027,8.318,0.294,81.6324952270006,18.37891875566294,0,0,0,0,0,0,0,0,0,0,0,0,0,0,0,0,0,0,0
FBM1100,0,1,43.69052358,-71.91464484,40.9,17.8,36.5,0.022,7.352,0.26,82.61575302569413,19.222443639291473,0,0,0,0,0,0,0,0,0,0,0,0,0,0,0,0,0,0,0
FBM1114,0,1,43.72026778,-71.13140621,7.7,19.5,44.4,0.063,45.582,1.612,67.06468209027665,14.15584441716804,0,0,0,0,0,0,0,0,0,0,0,0,0,0,0,0,0,0,0
FBM1128,1,0,43.72510723,-71.20888087,24.3,5.4,48.3,0.033,32.142,1.137,70.4518863651071,15.62178636089318,0,0,0,0,0,0,0,0,0,0,0,0,0,0,0,0,0,0,0
FBM1136,0,0,43.70466449,-71.915495430000007,44.6,9.8,40.2,0.027,14.491,0.513,82.7771341660734,19.64348823635961,0,0,0,0,0,0,0,0,0,0,0,0,0,0,0,0,0,0,0
FBM1148,0,0,43.71929949,-71.8931198,43.8,9.3,42.3,0.026,16.84,0.596,82.81144835619985,19.59542829547055,0,0,0,0,0,0,0,0,0,0,0,0,0,0,0,0,0,0,0
FBM1162,0,0,43.99602085,-71.3654368,18.2,39,27.4,0.04,21.329,0.754,77.59601941747573,17.24855803893295,0,0,0,0,0,0,0,0,0,0,0,0,0,0,0,0,0,0,0
FBM1163,0,0,43.99250644,-71.58331713,35.6,33.5,29.5,0.009,7.567,0.268,83.9451474062328,18.495834000961384,0,0,0,0,0,0,0,0,0,0,0,0,0,0,0,0,0,0,0
FBM1170,2,0,43.99623523,-71.46401435,29,34.7,35.4,0.005,4.89,0.173,83.2893621152788,17.565268765521107,0,0,0,0,0,0,0,0,0,1,0,0,0,0,0,1,0,0,0
FBM1182,0,0,44.00086924,-71.58062348,28.4,43.1,27.2,0.008,6.533,0.231,83.68289209657583,17.47519775708421,0,0,0,0,0,0,0,0,0,0,0,0,0,0,0,0,0,0,0
FBM1184,0,0,44.00113549,-71.54034576,15.4,64.7,18.5,0.006,4.503,0.159,83.06986150660109,15.70032442824528,0,0,0,0,0,0,0,0,0,0,0,0,0,0,0,0,0,0,0
FBM1185,1,0,43.99903436,-71.41183122,37.3,23,33.7,0.02,7.763,0.275,80.71939931387145,19.098786446651715,0,0,0,0,0,0,0,0,0,0,0,0,0,0,0,1,0,0,0
FBM1201,1,0,44.01241075,-71.44937796,25.8,31,41.4,0.012,9.803,0.347,82.65188972301318,17.881805257994113,0,0,0,0,0,0,0,0,0,0,1,0,0,0,0,0,0,0,0
FBM1212,0,0,44.0190494,-71.47360681,10.1,56.2,31.9,0.013,13.558,0.48,82.47313915857603,15.799615646394685,0,0,0,0,0,0,0,0,0,0,0,0,0,0,0,0,0,0,0
FBM1213,0,0,44.01441063,-71.56013357,9.8,64.4,25.1,0,2.509,0.089,82.68587607183302,15.634973071455745,0,0,0,0,0,0,0,0,0,0,0,0,0,0,0,0,0,0,0
FBM1219,0,0,44.020474,-71.44333874,26.4,32.8,37.7,0.011,9.803,0.347,82.24900482216253,17.87394385936812,0,0,0,0,0,0,0,0,0,0,0,0,0,0,0,0,0,0,0
FBM1239,0,0,44.0262133,-71.53774973,9,59.5,29.8,0.012,10.363,0.367,81.95004206302983,16.108095123708864,0,0,0,0,0,0,0,0,0,0,0,0,0,0,0,0,0,0,0
FBM1241,0,0,44.02954544,-71.49186483,3.9,72.6,21.2,0.017,13.647,0.483,81.68044005824301,15.097727955159645,0,0,0,0,0,0,0,0,0,0,0,0,0,0,0,0,0,0,0
FBM1270,1,1,44.04124879,-71.55056343,20.9,40.9,36.5,0.015,13.527,0.478,82.89182630080246,17.413302375853167,0,0,0,0,0,0,0,0,0,0,0,0,0,0,0,0,0,0,0
FBM1278,0,1,44.05168333,-71.39690224,47.1,22.3,27.7,0.01,5.592,0.198,82.37548537406161,19.663818461969463,0,0,0,0,0,0,0,0,0,0,0,0,0,0,0,0,0,0,0
FBM1290,0,0,44.05156947,-71.51128514,6.5,75.8,16.2,0.013,10.188,0.36,81.60644597611882,14.841134212474737,0,0,0,0,0,0,0,0,0,0,0,0,0,0,0,0,0,0,0
FBM1295,1,0,44.05609529,-71.43074947,33.7,37.5,26.3,0.01,5.592,0.198,82.912982978448,17.67590332519707,0,0,0,0,0,0,0,0,0,1,0,0,0,0,0,0,0,0,0
FBM1326,0,0,44.06699098,-71.44916008,22.2,60.4,16.4,0.006,5.592,0.198,82.78931357001845,15.846427785447052,0,0,0,0,0,0,0,0,0,0,0,0,0,0,0,0,0,0,0
FBM1346,0,0,44.08355082,-71.04406849,20.4,14,47.9,0.029,17.428,0.616,75.10818420115855,17.952144785521448,0,0,0,0,0,0,0,0,0,0,0,0,0,0,0,0,0,0,0
FBM1349,0,0,44.07452885,-71.5789779,46,26,24.9,0.017,9.386,0.332,82.24758915280563,19.174397439743974,0,0,0,0,0,0,0,0,0,0,0,0,0,0,0,0,0,0,0
FBM1369,0,2,44.09800909,-71.02655973,20.9,11.5,41.9,0.044,27.504,0.973,67.82704941907505,15.93923579869234,0,0,0,0,0,0,0,0,0,0,0,0,0,0,0,0,0,0,0
FBM1371,0,0,44.0812127,-71.9132575,34.2,18.4,41.3,0.029,20.028,0.708,80.3631156559446,17.76781393116413,0,0,0,0,0,0,0,0,0,0,0,0,0,0,0,0,0,0,0
FBM1373,0,0,44.0799998,-71.8799157,41.8,13.3,39.4,0.033,25.759,0.911,80.91284092012033,18.54323259395564,0,0,0,0,0,0,0,0,0,0,0,0,0,0,0,0,0,0,0
FBM1395,1,0,44.0912425,-71.9203118,28.1,20.6,43.5,0.037,25.268,0.894,79.02168074296993,17.457534246575342,0,0,0,0,0,0,0,0,0,0,1,0,0,0,0,0,0,0,0
FBM1404,0,0,44.10111639,-71.8551636,38,12.5,38.8,0.055,39.787,1.407,79.15397061678854,18.149498140520656,0,0,0,0,0,0,0,0,0,0,0,0,0,0,0,0,0,0,0
FBM1407,0,0,44.11926123,-71.11407943,23.4,29.8,43,0.028,23.311,0.824,79.7446512380644,18.093824346748235,0,0,0,0,0,0,0,0,0,0,0,0,0,0,0,0,0,0,0
FBM1411,0,0,44.118619700000004,-71.03106275,28.3,12.3,48.1,0.029,15.713,0.556,77.0359246553175,18.13269365317341,0,0,0,0,0,0,0,0,0,0,0,0,0,0,0,0,0,0,0
FBM1432,0,0,44.12721618,-71.08000207,26.8,27.7,44.6,0.004,5.818,0.206,82.21587157744838,19.480203065976458,0,0,0,0,0,0,0,0,0,0,0,0,0,0,0,0,0,0,0
FBM1433,0,1,44.11121955,-71.87573023,40.1,12.5,38.9,0.057,43.901,1.553,79.91150585646798,18.30632521690456,0,0,0,0,0,0,0,0,0,0,0,0,0,0,0,0,0,0,0
FBM1448,0,1,44.1104236,-71.90122201,32.5,15.2,43.6,0.061,42.276,1.495,80.1417335577421,17.948502658830115,0,0,0,0,0,0,0,0,0,0,0,0,0,0,0,0,0,0,0
FBM1457,0,0,44.12338688,-71.84571917,51.7,10.9,27.8,0.03,25.93,0.917,80.13859047372509,18.51350054961527,0,0,0,0,0,0,0,0,0,0,0,0,0,0,0,0,0,0,0
FBM1466,0,0,44.14347703,-71.11195423,32.4,17.4,46.9,0.024,22.234,0.786,82.02886544560222,19.289808153477217,0,0,0,0,0,0,0,0,0,0,0,0,0,0,0,0,0,0,0
FBM1475,0,0,44.14931214,-71.04542607,38.2,11.2,48.4,0.009,9.111,0.322,83.12797281993205,19.66594750089896,0,0,0,0,0,0,0,0,0,0,0,0,0,0,0,0,0,0,0
FBM1495,1,0,44.15877063,-71.0940806,39,16.6,41.1,0.015,11.571,0.409,82.1162384311695,19.665115350044942,0,0,0,0,0,0,0,0,0,0,0,0,0,0,0,0,0,0,1
FBM1502,0,0,44.14473942,-71.90153544,42,12.4,35.6,0.042,29.073,1.028,78.60992265121848,17.437964516902422,0,0,0,0,0,0,0,0,0,0,0,0,0,0,0,0,0,0,0
FBM1503,0,0,44.1632884,-71.06599464,44.8,10.5,41.4,0.014,15.39,0.544,82.55528589457334,19.58784755512944,0,0,0,0,0,0,0,0,0,0,0,0,0,0,0,0,0,0,0
FBM1511,0,1,44.14625663,-71.84959689,54.5,8.9,28.8,0.022,11.993,0.424,80.70051451315406,18.390109890109887,0,0,0,0,0,0,0,0,0,0,0,0,0,0,0,0,0,0,0
FBM1529,0,0,44.25378797,-71.25278262,16.3,56,19.5,0.072,10.146,0.359,79.60880963169137,14.927644043796494,0,0,0,0,0,0,0,0,0,0,0,0,0,0,0,0,0,0,0
FBM1538,1,0,44.2639222,-71.3535702,1.2,79.3,13.4,0.015,10.633,0.376,75.97064724919093,14.385385305552786,0,0,0,0,0,0,0,0,0,0,0,0,0,0,1,0,0,0,0
FBM1539,0,0,44.26117995,-71.31445888,1.9,67.8,2.9,0.008,8.852,0.313,56.82536241263267,8.339056050726805,0,0,0,0,0,0,0,0,0,0,0,0,0,0,0,0,0,0,0
FBM1545,0,0,44.27333263,-71.29902945,1.6,66.6,2.3,0.018,8.381,0.296,56.36773128822444,8.340123985887137,0,0,0,0,0,0,0,0,0,0,0,0,0,0,0,0,0,0,0
FBM1557,0,0,44.285095,-71.31954811,0.7,72.1,2.1,0.012,11.593,0.41,60.54170037865303,9.773434852803412,0,0,0,0,0,0,0,0,0,0,0,0,0,0,0,0,0,0,0
FBM1562,0,0,44.29553159,-71.27813236,7.3,68.1,11.4,0.019,9.572,0.339,71.09889327551615,12.173586334735203,0,0,0,0,0,0,0,0,0,0,0,0,0,0,0,0,0,0,0
FBM1563,0,0,44.29754088,-71.23665143,32.8,32.8,31.4,0.023,19.478,0.689,82.0558917764329,17.991151147959183,0,0,0,0,0,0,0,0,0,0,0,0,0,0,0,0,0,0,0
FBM1565,0,0,44.2991253,-71.3402887,3.3,73.7,13.4,0.008,7.326,0.259,74.22208199851147,13.75361163694331,0,0,0,0,0,0,0,0,0,0,0,0,0,0,0,0,0,0,0
FBM1573,0,0,44.3181825,-71.3321901,9.2,62.8,15.6,0.006,6.386,0.226,72.49231316956339,13.620537848605576,0,0,0,0,0,0,0,0,0,0,0,0,0,0,0,0,0,0,0
FBM1597,0,0,44.346858,-71.5295376,25,12.3,41.2,0.029,13.435,0.475,75.0453074433657,15.540011548493718,0,0,0,0,0,0,0,0,0,0,0,0,0,0,0,0,0,0,0
FBM1607,0,1,44.35728068,-71.52837035,20.1,10.9,34.8,0.032,17.936,0.634,70.81508090614886,14.488850396209134,0,0,0,0,0,0,0,0,0,0,0,0,0,0,0,0,0,0,0
FBM1614,0,0,44.36784341,-71.4857318,18.9,5.8,31.8,0.046,26.464,0.936,65.12648438763954,13.76685443579689,0,0,0,0,0,0,0,0,0,0,0,0,0,0,0,0,0,0,0
FBM1617,0,0,44.36912378,-71.51838161,13.1,9.6,31,0.028,11.637,0.412,70.05362459546926,13.99070572781913,0,0,0,0,0,0,0,0,0,0,0,0,0,0,0,0,0,0,0
FBM1619,0,0,44.369089,-71.5414922,7.6,13.4,32.3,0.033,17.049,0.603,66.94582524271844,13.19023166945307,0,0,0,0,0,0,0,0,0,0,0,0,0,0,0,0,0,0,0
FBM1621,0,1,44.3712412,-71.5618719,4.1,15,35.6,0.052,24.016,0.849,64.72837308650766,12.89979896096658,0,0,0,0,0,0,0,0,0,0,0,0,0,0,0,0,0,0,0
FBM1628,0,0,44.37968504,-71.51955878,7.6,10.1,31.9,0.022,13.05,0.462,70.79950158586317,13.82939303482587,0,0,0,0,0,0,0,0,0,0,0,0,0,0,0,0,0,0,0
FBM1643,0,0,44.3905729,-71.5568634,5.1,12.1,39,0.051,25.768,0.911,66.93663840528122,12.36543435870906,0,0,0,0,0,0,0,0,0,0,0,0,0,0,0,0,0,0,0
FBM1649,0,2,44.3997156,-71.5082172,11,9,31.3,0.031,22.862,0.809,66.06635822440792,12.839944300775812,0,0,0,0,0,0,0,0,0,0,0,0,0,0,0,0,0,0,0
FBM1683,0,0,44.43301097,-71.31666095,54.9,9.3,29.9,0.014,13.143,0.465,83.14472491909385,17.47422946907934,0,0,0,0,0,0,0,0,0,0,0,0,0,0,0,0,0,0,0
FBM1692,3,0,44.43932928,-71.35288294,52.3,18.1,24,0.009,8.715,0.308,83.84085172480745,17.06609812340967,0,0,0,0,0,0,0,0,0,1,0,0,0,0,1,0,1,0,0
FBM1712,1,0,44.45882219,-71.30718149,53.3,10.5,27.5,0.021,20.416,0.722,81.81907905381355,16.600182855325663,0,0,0,0,0,0,0,0,0,0,0,0,0,0,0,1,0,0,0
FBM1719,0,0,44.46758183,-71.25396124,52.7,3.5,36.4,0.028,4.241,0.15,78.54258072866112,13.177328643256027,0,0,0,0,0,0,0,0,0,0,0,0,0,0,0,0,0,0,0
FBM1725,0,0,44.47132925,-71.276767950000007,49.9,6.1,37.1,0.035,11.701,0.414,79.78912797281993,14.410114257327372,0,0,0,0,0,0,0,0,0,0,0,0,0,0,0,0,0,0,0
FBM1734,0,0,44.47874199,-71.3125773,45.2,15,30.2,0.026,23.303,0.824,80.90624595469255,15.558728266269252,0,0,0,0,0,0,0,0,0,0,0,0,0,0,0,0,0,0,0
FBM1740,0,0,44.48380077,-71.33758719,52.6,12.8,25.4,0.025,27.764,0.982,79.91034728290771,16.218948664971393,0,0,0,0,0,0,0,0,0,0,0,0,0,0,0,0,0,0,0
FBM1742,0,1,44.48664055,-71.25690293,37.9,6.9,42.4,0.04,12.243,0.433,75.00504821694389,12.638214612053554,0,0,0,0,0,0,0,0,0,0,0,0,0,0,0,0,0,0,0
FBM1764,0,0,44.5042527,-71.35183757,68.8,6.7,18.7,0.014,11.938,0.422,81.28918586590733,16.952057515093742,0,0,0,0,0,0,0,0,0,0,0,0,0,0,0,0,0,0,0
FBM1832,0,0,44.56774373,-71.22175847,30,12.5,35.5,0.03,12.057,0.426,71.41939554750194,12.752137769577208,0,0,0,0,0,0,0,0,0,0,0,0,0,0,0,0,0,0,0
FBM1867,1,0,44.69950206,-71.24320038,51.5,8.8,29.5,0.021,27.255,0.964,73.71104495000162,11.622310630801811,0,0,0,0,0,0,0,0,0,0,0,0,0,0,0,0,0,0,0
FBM1872,0,0,44.69907857,-71.29863979,40,13.3,31.1,0.027,17.194,0.608,72.42512296142894,12.312089304093105,0,0,0,0,0,0,0,0,0,0,0,0,0,0,0,0,0,0,0
FBM1882,0,0,44.69942574,-71.40800954,17.5,42.6,34.9,0.016,14.822,0.524,81.73616594395185,16.901654593674543,0,0,0,0,0,0,0,0,0,0,0,0,0,0,0,0,0,0,0
FBM1884,0,0,44.69914831,-71.42989214,37.5,19.5,37.5,0.021,14.822,0.524,82.77478964401294,17.937667016370078,0,0,0,0,0,0,0,0,0,0,0,0,0,0,0,0,0,0,0
FBM1903,2,0,44.70912954,-71.38763428,9.8,49.3,37.2,0.006,1.74,0.062,80.29256059282271,15.976725775807472,0,0,0,0,0,0,0,0,1,0,1,0,0,0,0,0,0,0,0
FBM1914,0,0,44.72160292,-71.25482831,49,7.6,33.7,0.014,24.097,0.852,73.8534730984503,11.56952659795446,0,0,0,0,0,0,0,0,0,0,0,0,0,0,0,0,0,0,0
FBM1919,0,1,44.72092478,-71.30938915,44,10.6,36.7,0.017,8.147,0.288,75.51622819790958,13.247249703205382,0,0,0,0,0,0,0,0,0,0,0,0,0,0,0,0,0,0,0
FBM1921,0,0,44.7210224,-71.33108159,28.9,22.4,40.3,0.014,0,0,76.45801378506941,13.21317054831114,0,0,0,0,0,0,0,0,0,0,0,0,0,0,0,0,0,0,0
FBM1931,0,0,44.72150017,-71.44095093,55.5,10.5,29.1,0.02,13.141,0.465,82.9220737192971,18.33892604170788,0,0,0,0,0,0,0,0,0,0,0,0,0,0,0,0,0,0,0
FBM1952,0,0,44.73191106,-71.41937795,42.3,16.9,35.2,0.009,11.401,0.403,81.9272238941203,17.53536032917252,0,0,0,0,0,0,0,0,0,0,0,0,0,0,0,0,0,0,0
FBM1962,0,2,44.74401373,-71.27613028,48.4,7,35.9,0.016,25.036,0.885,75.710346613159,11.880649563858611,0,0,0,0,0,0,0,0,0,0,0,0,0,0,0,0,0,0,0
FBM1965,0,0,44.74320026,-71.30946242,40,9.8,42.1,0.013,7.291,0.258,76.43064229089144,13.146078528335476,0,0,0,0,0,0,0,0,0,0,0,0,0,0,0,0,0,0,0
FBM1977,0,0,44.74314797,-71.44144177,46.2,18.8,29.3,0.011,6.725,0.238,82.02824968449666,17.529123237277744,0,0,0,0,0,0,0,0,0,0,0,0,0,0,0,0,0,0,0
FBM1999,0,0,44.75444501,-71.43031136,41.6,20.9,31,0.012,6.725,0.238,82.37525079282895,17.14987146529563,0,0,0,0,0,0,0,0,0,0,0,0,0,0,0,0,0,0,0
FBM2007,0,0,44.76540454,-71.26440186,39.7,7.7,35.4,0.018,32.553,1.151,72.53412510921977,10.610782704968273,0,0,0,0,0,0,0,0,0,0,0,0,0,0,0,0,0,0,0
FBM2012,0,0,44.76483885,-71.32071736,30.2,18,39.9,0.016,8.969,0.317,74.16751876779706,13.562198497429812,0,0,0,0,0,0,0,0,0,0,0,0,0,0,0,0,0,0,0
FBM2028,0,0,44.7762946,-71.24371336,41.7,7.8,34.3,0.013,27.84,0.985,73.67446526227229,10.0571569790431,0,0,0,0,0,0,0,0,0,0,0,0,0,0,0,0,0,0,0
FBM2043,0,0,44.77564725,-71.40931948,45.4,16.9,32.9,0.01,1.802,0.064,83.6404348951592,17.300936907020873,0,0,0,0,0,0,0,0,0,0,0,0,0,0,0,0,0,0,0
FBM2045,1,0,44.77587358,-71.43019718,44.7,21.8,27.9,0.012,2.62,0.093,83.36526326008867,17.204162713472485,0,0,0,0,0,0,0,0,0,0,0,0,0,0,0,0,0,0,0
FBM2061,0,0,44.97468519,-71.11160718,24.5,24.3,36.9,0.02,0,0,77.58085498851169,14.607453807666548,0,0,0,0,0,0,0,0,0,0,0,0,0,0,0,0,0,0,0
FBM2067,0,0,44.97336597,-71.17726196,39.5,13.8,34.8,0.014,0,0,76.7929784824462,12.027499803010008,0,0,0,0,0,0,0,0,0,0,0,0,0,0,0,0,0,0,0
FBM2073,0,0,44.98552973,-71.12296365,24.9,21.4,36.8,0.027,0,0,75.95201578981427,13.557634730538922,0,0,0,0,0,0,0,0,0,0,0,0,0,0,0,0,0,0,0
FBM2076,0,0,44.98504315,-71.15567916,33.3,18,32,0.024,0,0,75.3768327022041,13.231326820044124,0,0,0,0,0,0,0,0,0,0,0,0,0,0,0,0,0,0,0
FBM2102,0,0,45.0078266,-71.20288946,54.5,7.4,29.2,0.022,0,0,78.626864705692,15.357182233422586,0,0,0,0,0,0,0,0,0,0,0,0,0,0,0,0,0,0,0
FBM2105,0,0,45.01968324,-71.11116059,48,9.9,31.7,0.012,9.608,0.34,74.04621209669591,11.441563810311226,0,0,0,0,0,0,0,0,0,0,0,0,0,0,0,0,0,0,0
FBM2128,2,0,45.03992355,-71.11923771,49.7,7.9,33.8,0.02,9.608,0.34,73.46763963497507,11.690011413278755,0,0,0,0,0,0,0,0,0,0,1,0,0,0,0,0,0,1,0
FBM2133,0,0,45.03967972,-71.17644123,55.7,7.9,29.8,0.012,0,0,77.77517147664035,14.016610576449985,0,0,0,0,0,0,0,0,0,0,0,0,0,0,0,0,0,0,0
FBM2137,0,0,45.02997949,-71.21957749,65.7,3.6,20.6,0.019,3.148,0.111,76.90180594213217,15.517850114146269,0,0,0,0,0,0,0,0,0,0,0,0,0,0,0,0,0,0,0
FBM2139,0,0,45.13864484,-71.12275414,12.1,39.4,41.5,0.021,0,0,75.48700689298082,13.4096132314522,0,0,0,0,0,0,0,0,0,0,0,0,0,0,0,0,0,0,0
FBM2143,0,0,45.13928913,-71.16640504,10.2,29.1,31.2,0.023,8.536,0.302,60.84530511874717,12.02221698391184,0,0,0,0,0,0,0,0,0,0,0,0,0,0,0,0,0,0,0
FBM2147,0,0,45.138867,-71.21080619,22.3,18.7,38.6,0.023,29.279,1.036,70.37834951456311,14.468807699862502,0,0,0,0,0,0,0,0,0,0,0,0,0,0,0,0,0,0,0
FBM2151,1,0,45.13485062,-71.2516459,41.2,8,41.4,0.019,28.84,1.02,75.6267555498026,14.963736371672724,0,0,0,0,0,0,0,0,0,0,0,0,0,1,0,0,0,0,0
FBM2154,0,0,45.13869906,-71.28707088,41.8,7.2,36.1,0.018,26.671,0.943,76.8748705669169,15.288514800919287,0,0,0,0,0,0,0,0,0,0,0,0,0,0,0,0,0,0,0
FBM2175,1,0,45.14879026,-71.27714986,36,9.3,41.4,0.011,23.725,0.839,77.45259206523849,15.334596951602766,0,0,0,0,0,0,0,0,0,0,0,0,0,0,0,1,0,0,0
FBM2189,0,0,45.16160279,-71.18817479,19.3,18,33.9,0.021,30.989,1.096,65.00122989286986,13.369425625920472,0,0,0,0,0,0,0,0,0,0,0,0,0,0,0,0,0,0,0
FBM2193,0,0,45.16104548,-71.23209905,32.7,11.7,50,0.001,23.461,0.83,79.35360564474365,15.897172034564022,0,0,0,0,0,0,0,0,0,0,0,0,0,0,0,0,0,0,0
FBM2203,0,0,45.16176043,-71.34531149,44.5,5.9,38,0.011,13.817,0.489,78.66568497362374,15.02439120188531,0,0,0,0,0,0,0,0,0,0,0,0,0,0,0,0,0,0,0
FBM2209,0,0,45.17223627,-71.1663904,15.7,26.6,29,0.028,27.753,0.982,65.98744255291605,13.126470183981622,0,0,0,0,0,0,0,0,0,0,0,0,0,0,0,0,0,0,0
FBM2227,0,1,45.18301529,-71.12222959,21,24.1,38.6,0.025,11.894,0.421,77.03068259054275,15.48154836683417,0,0,0,0,0,0,0,0,0,0,0,0,0,0,0,0,0,0,0
FBM2241,0,0,45.18245326,-71.2759531,26.5,10.7,51.6,0.008,15,0.531,78.71427184466019,15.454390200812671,0,0,0,0,0,0,0,0,0,0,0,0,0,0,0,0,0,0,0
FBM2248,2,0,45.19425257,-71.1109153,15.9,30.6,40.2,0.02,11.894,0.421,79.059702941462,15.335996074582924,0,0,0,0,0,0,0,0,0,0,0,0,0,0,0,0,0,0,0
FBM2253,0,0,45.1939994,-71.16667495,18.1,25,36.7,0.03,21.683,0.767,77.27471033723867,15.764302957743714,0,0,0,0,0,0,0,0,0,0,0,0,0,0,0,0,0,0,0
FBM2279,0,0,45.20527541,-71.20964387,15.8,28,51.1,0.009,22.405,0.792,81.11336202711888,15.473765795463464,0,0,0,0,0,0,0,0,0,0,0,0,0,0,0,0,0,0,0
FBM2288,0,0,45.2048862,-71.30940769,22.1,16.1,52.4,0.014,9.012,0.319,78.5399974111708,15.216935784496458,0,0,0,0,0,0,0,0,0,0,0,0,0,0,0,0,0,0,0
FBM2295,0,0,45.21561532,-71.14422116,12.6,32.2,43.3,0.015,11.894,0.421,80.73295141923161,15.50620868234694,0,0,0,0,0,0,0,0,0,0,0,0,0,0,0,0,0,0,0
FBM2304,0,0,45.21745582,-71.23928787,12,31.6,48.4,0.013,19.482,0.689,79.39451114922812,14.48093444745204,0,0,0,0,0,0,0,0,0,0,0,0,0,0,0,0,0,0,0
FBM2312,0,0,45.215578,-71.33153759,25.3,18.2,46.8,0.015,7.507,0.266,79.306738736406,15.720358600125548,0,0,0,0,0,0,0,0,0,0,0,0,0,0,0,0,0,0,0
FBM2401,0,0,44.8341898,-71.074961,24.5,22.1,29.8,0.024,19.894,0.704,75.73272709621048,14.575349498459838,0,0,0,0,0,0,0,0,0,0,0,0,0,0,0,0,0,0,0
FBM2402,0,0,44.8125533,-71.1188834,17,26,40.2,0.015,21.282,0.753,74.71794705844282,13.006064916335763,0,0,0,0,0,0,0,0,0,0,0,0,0,0,0,0,0,0,0
FBM2403,0,0,44.8031687,-71.1006935,19,19,30.1,0.02,23.749,0.84,69.19409746941946,12.286496097994666,0,0,0,0,0,0,0,0,0,0,0,0,0,0,0,0,0,0,0
FBM2404,0,0,44.7684169,-71.0964186,21.4,13.9,32.7,0.029,33.284,1.177,71.3045236862542,14.306151899735104,0,0,0,0,0,0,0,0,0,0,0,0,0,0,0,0,0,0,0
FBM2405,0,0,44.7791052,-71.0744994,11.3,10.6,18.2,0.012,17.368,0.614,50.031906287415445,9.335573653830949,0,0,0,0,0,0,0,0,0,0,0,0,0,0,0,0,0,0,0
FBM2406,0,0,44.7456798,-71.13168,26.4,14.7,41.2,0.037,32.033,1.133,78.1673192040123,14.77143987341772,0,0,0,0,0,0,0,0,0,0,0,0,0,0,0,0,0,0,0
FBM2407,0,0,44.7131252,-71.1072629,15.3,23,39.5,0.027,36.739,1.299,76.49267251140371,12.962056618330728,0,0,0,0,0,0,0,0,0,0,0,0,0,0,0,0,0,0,0
FBM2408,0,0,44.6910652,-71.0967581,22.9,23.6,34.2,0.02,27.868,0.986,77.52706681766706,13.569202747916297,0,0,0,0,0,0,0,0,0,0,0,0,0,0,0,0,0,0,0
FBM2409,0,0,44.7018866,-71.0747911,14.5,23.8,31.1,0.022,26.658,0.943,65.45046765267485,11.903714845528134,0,0,0,0,0,0,0,0,0,0,0,0,0,0,0,0,0,0,0
FBM3000,0,0,42.87641751,-71.14287608,21.7,7.5,22.9,0.299,106.205,3.756,65.36347161995987,15.947596026354976,0,0,0,0,0,0,0,0,0,0,0,0,0,0,0,0,0,0,0
HF010,11,4,43.14596132,-70.93793459,10.6,15,17.7,0.338,120.837,4.274,54.41842479937872,12.495206369840751,1,1,0,0,0,0,1,0,1,0,0,0,1,0,1,0,1,1,0
HF028,1,0,43.14966067,-70.94455922,10.4,15.5,20.2,0.314,119.554,4.228,55.357785399948234,12.708088787798786,0,0,0,0,0,0,0,0,0,0,0,1,0,0,0,0,0,0,0
HF037,0,0,43.15250857,-70.94265539,11.2,15.7,20.4,0.298,113.379,4.01,55.8141567142441,12.79455727051178,0,0,0,0,0,0,0,0,0,0,0,0,0,0,0,0,0,0,0
HF046,3,0,43.15350195,-70.9338649,10.8,15.7,17.8,0.313,113.701,4.021,54.44036637861281,12.476768743400212,0,0,0,0,0,0,0,0,0,0,0,1,0,1,1,0,0,0,0
HF047,1,0,43.14998892,-70.94914825,10.6,15.5,21.2,0.295,112.35,3.974,55.96718871343517,12.795941993663174,0,0,0,0,0,0,0,0,0,0,0,1,0,0,0,0,0,0,0
KF009,0,0,43.17275781,-70.92813429,12.3,12.5,20.9,0.235,87.499,3.095,54.099249239531424,12.284574468085106,0,0,0,0,0,0,0,0,0,0,0,0,0,0,0,0,0,0,0
KF012,1,0,43.172918,-70.93413069,12.1,13.6,22.6,0.197,76.422,2.703,56.006957703634185,12.610275460284594,0,1,0,0,0,0,0,0,0,0,0,0,0,0,0,0,0,0,0
KF034,4,0,43.1759802,-70.92776197,12.2,11.4,21.4,0.225,80.118,2.834,53.244790318405386,12.082802159879826,0,0,0,0,0,0,1,1,0,0,0,0,1,0,0,0,0,0,0
KF043,4,0,43.17408679,-70.94359837,12,13.4,25,0.15,66.581,2.355,57.59453774714429,12.913278252573027,0,0,0,0,0,1,0,0,0,1,0,0,0,0,0,0,0,0,0
KF049,0,0,43.16951477,-70.92592722,11.4,13.9,19.8,0.261,91.808,3.247,53.64033782034688,12.259513463022378,0,0,0,0,0,0,0,0,0,0,0,0,0,0,0,0,0,0,0
MF041,0,0,43.14246448,-70.95702611,11.5,15.3,21.6,0.284,107.279,3.794,56.867665620246605,12.894126487672125,0,0,0,0,0,0,0,0,0,0,0,0,0,0,0,0,0,0,0
ML008,0,0,43.12626386,-70.92669802,13.7,13.8,17.1,0.329,110.993,3.926,58.51509562178429,13.26382624243163,0,0,0,0,0,0,0,0,0,0,0,0,0,0,0,0,0,0,0
ML040,0,0,43.1205664,-70.9259931,16.5,13.2,19.3,0.283,104.901,3.71,61.25618042971784,13.826889868557382,0,0,0,0,0,0,0,0,0,0,0,0,0,0,0,0,0,0,0
TF001,0,0,43.11162757,-70.94825043,17.7,14.8,24.4,0.159,71.912,2.543,64.18928802588997,14.603145574250185,0,0,0,0,0,0,0,0,0,0,0,0,0,0,0,0,0,0,0
TF004,0,1,43.10923042,-70.95488114,18.4,14.4,26.3,0.112,61.708,2.182,64.56770664767946,14.736470970757384,0,0,0,0,0,0,0,0,0,0,0,0,0,0,0,0,0,0,0
TF005,0,0,43.11728532,-70.94577467,15.2,14.1,21.8,0.232,94.723,3.35,60.2994238736406,13.783316399105871,0,0,0,0,0,0,0,0,0,0,0,0,0,0,0,0,0,0,0
TF013,0,0,43.11100996,-70.95220819,18,14.9,25.4,0.13,68.021,2.406,64.56306626973854,14.683541988456223,0,0,0,0,0,0,0,0,0,0,0,0,0,0,0,0,0,0,0
TF025,0,0,43.11466907,-70.94979401,16.8,14.9,23.5,0.176,78.215,2.766,62.54335091750542,14.26000203190084,0,0,0,0,0,0,0,0,0,0,0,0,0,0,0,0,0,0,0
WF016,0,0,43.12005292,-70.94241712,14.1,13.6,20.2,0.264,98.939,3.499,58.806523638481686,13.429970537437772,0,0,0,0,0,0,0,0,0,0,0,0,0,0,0,0,0,0,0
WF019,0,0,43.1211621,-70.9461717,13.8,13.9,20.1,0.262,102.653,3.631,58.84039867969711,13.464324895371988,0,0,0,0,0,0,0,0,0,0,0,0,0,0,0,0,0,0,0
